Non-coding Transcript ID,5',3',Strand,Mean RNA Sequencing over non-coding transcript,Length,% overlap with a predicted untranscribed ORF (RNA Seq of ORF < 2),% antisense to an annotated transcript,High confidence,High confidence Circadian,log2(ZT 60 / ZT 72),RFAM Homology
1,8071,8230,1,2.33125,160,0,1,1,0,0.19565355,
2,10912,11082,1,12.1871345029,171,0,1,0,0,0.0203158889,
3,11813,12140,1,2.3048780488,328,0,0.6768292683,0,0,-0.0113510364,
4,13058,13598,1,5.842883549,541,0,0.9833641405,1,0,0.01515654,
5,14060,15005,1,7.6511627907,946,0,0.233615222,1,1,-0.3874455081,
6,17434,17461,1,5,28,0,1,0,0,0,
7,22539,22812,1,2.7591240876,274,0,1,1,1,-0.3472946722,
8,29805,29859,1,5.3272727273,55,1,0,0,0,0,
9,33889,34965,1,26.0807799443,1077,0,0,1,1,2.3433157529,
10,44666,45000,1,3.9402985075,335,0.7820895522,0,1,0,-0.0557026391,
11,49338,49524,1,20.7272727273,187,0,1,0,0,-0.1495384909,
12,52854,52922,1,8.3623188406,69,0,1,1,0,-0.02883,
13,54794,55171,1,5.746031746,378,0,0.7010582011,1,1,-0.7720150769,
14,55542,55716,1,5.7771428571,175,0,1,1,1,-0.45651261,
15,56635,57678,1,3.8764367816,1044,0,1,1,0,-0.2983354841,
16,57978,58164,1,4.0106951872,187,0,1,1,1,-0.4492766455,
17,60326,60483,1,2.4810126582,158,0,1,0,0,-0.11684775,
18,62255,62444,1,2.4684210526,190,0,1,0,0,0.1225082,
19,65325,65501,1,5.2711864407,177,0,1,1,0,-0.12105026,
20,66251,66527,1,2.274368231,277,0,1,1,0,-0.0488036444,
21,66959,67082,1,2.0241935484,124,0,1,0,0,-0.2145866667,
22,68042,68187,1,2.8082191781,146,0,1,0,0,0.1325672857,
23,68711,68798,1,6.3636363636,88,0,1,1,0,0.1993713333,
24,73311,73366,1,3.2857142857,56,0,0,0,0,0,
25,77074,77699,1,4.9249201278,626,0,1,1,0,0.014702517,
26,78687,78788,1,3.9705882353,102,0,1,1,0,-0.1633586667,
27,82159,82608,1,8.8133333333,450,0,0.9555555556,1,0,-0.2058226273,
28,83018,83037,1,13.65,20,0,1,0,0,0,
29,83636,83799,1,4.6829268293,164,0,1,1,0,0.1022018889,
30,84080,85469,1,2.7978417266,1390,0,1,1,0,0.0177234346,
31,85861,86392,1,15.1296992481,532,0,1,1,0,0.016527815,
32,87469,88330,1,3.994199536,862,0,0.7041763341,1,0,-0.1557217104,
33,90594,90728,1,4.8740740741,135,0,1,1,0,0.147158,
34,92143,92186,1,17.8181818182,44,1,0,0,0,0,
35,93046,93833,1,10.0621827411,788,0,0.7258883249,1,0,0.1057096525,
36,99186,99316,1,2.7175572519,131,0,1,1,0,0.0363251667,
37,104290,104351,1,3.3548387097,62,0,1,0,0,0,
38,111950,112460,1,2.2935420744,511,1,0,1,0,-0.0654523378,
39,113816,114050,1,3.0723404255,235,0,0,1,1,-0.3657925333,
40,119537,119603,1,3.2835820896,67,0,1,0,0,0,
41,119930,120060,1,3.7175572519,131,0,0.641221374,1,0,-0.0481141667,
42,121354,121431,1,488.2435897436,78,0,0,1,0,-0.12881405,
43,122990,123070,1,4.5679012346,81,0,0,1,0,-0.16397,
44,129540,129924,1,2.7532467532,385,0,0.6857142857,1,1,-0.3649178571,
45,132260,132650,1,2.2941176471,391,0,0.7186700767,0,0,0.0167124643,
46,133201,133482,1,5.2234042553,282,0,0,1,0,0.3508546842,
47,142166,142230,1,4.2,65,0,1,0,0,0,
48,142999,143320,1,3.8850931677,322,0,1,1,0,0.0997073182,
49,145040,145160,1,3.0991735537,121,0,1,1,0,-0.165096,
50,145640,145720,1,2.8765432099,81,0,1,1,0,0.1885035,
51,146765,147001,1,4.9324894515,237,0,1,0,0,-0.0963840667,
52,155459,155605,1,53.7755102041,147,0,1,1,0,0.1195934625,
53,155970,156140,1,4.8070175439,171,0,1,0,0,0.1207008333,
54,159869,159980,1,14.8125,112,0,0.7053571429,0,0,0.053956,
55,160965,161200,1,5.2542372881,236,0,1,1,0,0.1231134667,
56,166609,166643,1,1979.9714285714,35,0,1,0,0,0,
57,175374,175554,1,5.0220994475,181,0,1,0,0,0.0192371,
58,178359,178850,1,4.2479674797,492,0,1,1,1,0.6973830583,
59,180000,180313,1,5.6624203822,314,0,0,1,0,-0.2613602591,
60,182600,182924,1,2.7876923077,325,0.9384615385,0,1,0,-0.0860722773,
61,183077,183330,1,3.0236220472,254,1,0,1,0,0.0791775,
62,185160,185321,1,2.475308642,162,0,1,1,0,0.4451127778,
63,192012,192441,1,5.8186046512,430,0,1,1,0,-0.0623630968,
64,193840,194480,1,2.248049922,641,0,1,0,0,-0.0316968875,
65,196759,196950,1,2.3125,192,0,1,1,0,-0.0690201818,
66,198195,198240,1,4.6956521739,46,0,1,0,0,0,
67,198419,198532,1,4.3596491228,114,0,1,1,0,0.10420256,
68,198989,199040,1,4.9615384615,52,0,1,0,0,0,
69,199605,199870,1,2.5413533835,266,0,1,1,0,-0.1434858,
70,200090,200563,1,2.9514767932,474,0,1,0,0,0.0444607647,
71,201246,201320,1,3.6133333333,75,0,1,1,0,0.18577,
72,202520,202845,1,4.8404907975,326,0,1,1,0,0.3136454727,
73,203260,203680,1,2.8764845606,421,0,1,0,0,-0.0478119333,
74,205239,205260,1,9.8181818182,22,0,1,0,0,0,
75,207950,208201,1,3.6071428571,252,1,0,1,0,-0.014834825,
76,217955,218420,1,6.0600858369,466,0,1,1,1,0.6327903824,
77,220003,220310,1,15.0974025974,308,0,0.7727272727,1,0,-0.0376241905,
78,228520,228541,1,22.6363636364,22,0,1,0,0,0,
79,233198,233360,1,5.2085889571,163,0,1,1,0,0.18185605,
80,233805,233832,1,3.8214285714,28,0,1,0,0,0,
81,234679,234930,1,2.6468253968,252,0,1,1,0,0.05794925,
82,238346,238484,1,3.7122302158,139,0,1,1,1,-0.3341861667,
83,239447,239710,1,3.9053030303,264,0,1,0,0,-0.0196297647,
84,239947,240231,1,4.2877192982,285,0,1,1,0,0.0623254316,
85,240980,241030,1,3.2941176471,51,0,1,0,0,0,
86,241430,241503,1,5.8648648649,74,0,1,1,1,-0.383575,
87,251879,252610,1,4.8169398907,732,0,1,1,0,0.1310197,
88,263189,263383,1,8.8256410256,195,0,0.3179487179,1,0,-0.1490901455,
89,272728,273094,1,4,367,0,1,1,0,-0.07464428,
90,276390,276672,1,3.332155477,283,0,1,0,0,-0.0231442789,
91,277240,277511,1,3.7647058824,272,0,1,1,0,0.1767116647,
92,278126,278520,1,6.8582278481,395,0,1,1,0,-0.0200213571,
93,280620,280662,1,2.1860465116,43,0,0,0,0,0,
94,283355,283610,1,2.484375,256,0,1,1,0,0.3527873529,
95,288200,288291,1,3.5,92,0,0.3586956522,1,1,-0.8343763333,
96,298238,298750,1,5.8011695906,513,0,1,1,0,0.0790248378,
97,301590,301730,1,2.4822695035,141,1,0,1,0,-0.1144682514,
98,302257,302280,1,8.375,24,1,0,0,0,0,
99,304391,305000,1,7.668852459,610,0,0.7327868852,1,1,0.5822649891,
100,305570,306580,1,2.0435212661,1011,0,1,0,0,0.0124663532,
101,308139,308280,1,2.9225352113,142,0,1,1,0,0.2547824286,
102,310370,310780,1,2.2165450122,411,0,1,1,0,-0.2243351207,
103,310910,311383,1,6.3417721519,474,0,1,1,0,-0.06652264,
104,312435,312680,1,4.0284552846,246,0,1,1,0,0.0224538,
105,314100,314230,1,3.2595419847,131,0,1,1,0,0.288394,
106,318660,318980,1,7.1028037383,321,0,1,1,0,0.0500684864,
107,319590,320680,1,3.2997250229,1091,0,1,1,0,-0.1070718686,
108,323657,323950,1,9.9727891156,294,0,0.7959183673,1,0,-0.0468057895,
109,324309,324484,1,2.6647727273,176,0,1,1,0,0.2073159,
110,325220,325273,1,55.8703703704,54,0,1,0,0,0,
111,325650,325779,1,5.7769230769,130,0,1,1,0,0.183691,
112,337129,337293,1,7.5818181818,165,0,0,0,0,0.0290739222,
113,337327,337570,1,4.7213114754,244,0,1,1,0,0.2694022,
114,340668,341080,1,26.004842615,413,0,1,1,1,-0.3118179967,
115,346511,347090,1,7.7913793103,580,0,0.4827586207,1,0,0.3660671,
116,350575,350693,1,3.9831932773,119,0,1,0,0,0.0872314,
117,351356,351660,1,12.6098360656,305,0,0,1,1,-0.3156605238,
118,353480,353750,1,2.5313653137,271,0,1,1,1,-0.3080092333,
119,354028,354191,1,4.3902439024,164,0,1,1,1,-0.3265199875,
120,359898,360098,1,5.3781094527,201,0,1,1,0,0.24724025,
121,361210,361600,1,2.9641943734,391,1,0,1,0,-0.0187378121,
122,367639,368000,1,12.4392265193,362,0,1,1,0,0.03675576,
123,368651,368800,1,3.78,150,0,0,1,0,-0.00816,
124,368875,368910,1,58.5,36,0,0.25,0,0,0,
125,369589,369800,1,9.3773584906,212,0,1,1,0,0.1005054615,
126,371317,371470,1,7,154,0,1,1,0,0.105836125,
127,372266,372521,1,2.17578125,256,0,0.5546875,1,0,-0.1379361875,
128,381165,381190,1,14.2692307692,26,0,1,0,0,0,
129,384650,385010,1,2.2409972299,361,0,1,0,0,0.08241524,
130,386989,387141,1,4.4705882353,153,1,0,1,1,-0.3275433625,
131,393736,394004,1,4.375464684,269,0,1,1,0,-0.1576078824,
132,394270,394343,1,5.9189189189,74,0,1,1,0,-0.05198,
133,394596,394763,1,6.2142857143,168,0,1,1,0,-0.1469724444,
134,395660,395874,1,2.9674418605,215,0,0.7860465116,1,0,-0.1098226923,
135,402690,402870,1,2.5856353591,181,0,1,0,0,0.04008218,
136,403640,404013,1,7383.3609625669,374,0,0.3449197861,1,0,-0.0064854577,contains Intron_gp1
137,408869,409662,1,31.5591939547,794,0,1,1,0,-0.2408390869,
138,410255,410384,1,4.1307692308,130,0,1,1,0,-0.2736472117,
139,411368,411843,1,2.6785714286,476,0,1,1,0,0.0879165429,
140,413351,413830,1,5.5125,480,0,0.6291666667,1,0,0.2879955457,
141,415002,415700,1,7.4034334764,699,0,0.921316166,1,0,0.0532258302,
142,428850,429052,1,8.1231527094,203,0,1,0,0,-0.0159008775,
143,429089,429240,1,6.0723684211,152,0,1,0,0,-0.00331,
144,429769,430108,1,13.3,340,0,1,1,0,0.02797375,
145,435797,436160,1,6.4615384615,364,0,1,1,1,-0.33768372,
146,436500,436554,1,4.8181818182,55,0,1,0,0,0,
147,438880,440600,1,233.8402091807,1721,0,0.8512492737,1,0,0.0777708853,
148,441660,441806,1,16.1904761905,147,0,1,1,0,-0.10781975,
149,448467,448962,1,27.8608870968,496,0,0.2883064516,1,0,-0.2175326667,
150,450130,450370,1,2.4107883817,241,0,1,1,0,-0.07973686,
151,451200,451720,1,2.2399232246,521,0,1,0,0,-0.0372323333,
152,454287,454550,1,8.3522727273,264,0,1,0,0,0.0588069706,
153,455603,455911,1,6.074433657,309,0,1,1,0,0.3020361429,
154,460992,461360,1,3.0352303523,369,0,1,1,0,0.2073899692,
155,466929,467500,1,4.2307692308,572,0,1,1,0,0.0865495512,
156,467630,467753,1,2.5564516129,124,0,1,1,0,-0.0296014,
157,468110,468184,1,6.64,75,0,1,1,0,0.3194,
158,468447,468910,1,4.2306034483,464,0,1,1,0,0.2219926727,
159,476530,476710,1,2.6187845304,181,0,1,1,0,-0.1706487,
160,482617,482930,1,3.9585987261,314,0,1,1,1,-0.4325438182,
161,483885,484021,1,4.3649635036,137,0,1,1,0,0.1253618571,
162,488200,488284,1,5.4705882353,85,0,1,1,0,0.037285,
163,488580,488702,1,7.6178861789,123,0,1,1,0,0.0709575833,
164,496030,496154,1,4.776,125,0,1,1,0,0.0623786167,
165,497936,498010,1,3.8,75,0,1,1,0,-0.069,
166,502100,502160,1,2.2786885246,61,0,1,0,0,0,
167,503150,503194,1,3.2888888889,45,0,1,0,0,0,
168,503840,504032,1,2.9896373057,193,0,1,0,0,-0.1515414545,
169,509460,509483,1,52.7083333333,24,0,1,0,0,0,
170,509670,510050,1,5.813648294,381,0,1,1,0,-0.2868804704,
171,513000,513210,1,4.0568720379,211,0,1,0,0,-0.0757756154,
172,513370,513470,1,4.3168316832,101,0,1,0,0,0.09536025,
173,518830,518990,1,2.751552795,161,0,1,0,0,-0.1217839444,
174,519370,519483,1,11.4824561404,114,0,0.6315789474,1,0,-0.0834666,
175,530554,530772,1,8.5342465753,219,0,1,0,0,0.0555076071,
176,533481,533512,1,5.78125,32,0,0,0,0,0,
177,551810,552060,1,7.1274900398,251,0,0.9402390438,0,0,0.0369134375,
178,552430,552590,1,2.8447204969,161,0,1,0,0,0.0833817333,
179,552907,552960,1,4,54,0,1,0,0,0,
180,553436,553533,1,3.5714285714,98,0,1,1,1,-0.3075323333,
181,554608,555060,1,3.5231788079,453,0,1,0,0,-0.0299961939,
182,555290,555377,1,774.2159090909,88,0,1,0,0,-0.0094695,
183,556940,557140,1,2.0845771144,201,0,0.1890547264,0,0,-0.0500948,
184,563288,563420,1,2.8571428571,133,0,0,1,0,0.1079575,
185,567005,567044,1,5.55,40,0,1,0,0,0,
186,567468,567830,1,4.1570247934,363,0,0.0220385675,1,0,0.0110475962,
187,582226,582592,1,32.5231607629,367,0,1,1,0,-0.0164526385,
188,582889,582921,1,4.4242424242,33,0,1,0,0,0,
189,583230,583333,1,5.1634615385,104,0,1,1,0,0.494191,
190,587530,587715,1,7.0752688172,186,0,0.3602150538,1,0,-0.0256372545,
191,587789,587840,1,4968.0384615385,52,0,1,0,0,0,
192,588773,588900,1,7.515625,128,0,1,1,0,0.1715168333,
193,589420,589840,1,3.3847980998,421,0,1,1,0,0.130560678,
194,590820,591760,1,2.5132837407,941,0,0.9723698193,1,0,-0.0912352422,
195,591960,592070,1,3.5135135135,111,0,1,1,0,0.0217552,
196,593711,594430,1,2.8888888889,720,0,0,1,0,0.0446010345,
197,594520,594780,1,6.1494252874,261,0,0.3869731801,1,0,-0.0121044706,
198,620350,620371,1,137,22,0,0,0,0,0,
199,623708,623820,1,349.8761061947,113,0,0.2389380531,1,0,0.2399272,
200,626270,626620,1,4.9458689459,351,0,1,0,0,-0.0248002792,
201,627264,628080,1,7.4186046512,817,0,1,1,0,0.0991822527,
202,634088,634270,1,4.4972677596,183,0,1,1,0,-0.1555266,
203,636240,636309,1,6.9,70,0,1,1,0,0.0633,
204,636336,636531,1,6,196,0,1,1,0,0.3256498333,
205,648878,648990,1,3.8318584071,113,0,1,0,0,0.163415,
206,649131,649375,1,9.7795918367,245,0,1,1,1,-0.3048704533,
207,652710,653149,1,5.5840909091,440,0,0.3954545455,0,0,-0.0760267625,
208,653557,653652,1,7.1458333333,96,0,1,0,0,0.0021755,
209,654110,654370,1,21.3218390805,261,0,1,0,0,0.1135377625,
210,670795,670970,1,5.9829545455,176,0.3238636364,0.2954545455,1,0,-0.0164392,
211,673514,673674,1,683.2236024845,161,0,0,1,1,-0.51453425,
212,686966,687163,1,2.8181818182,198,0,0.3535353535,1,0,0.1047465091,
213,687436,687504,1,5.115942029,69,0,1,1,0,-0.076978,
214,688910,689050,1,5.390070922,141,0,1,0,0,-0.1040825,
215,690630,690664,1,4.7142857143,35,0,1,0,0,0,
216,691788,692236,1,11.144766147,449,0,1,0,0,-0.0008328515,
217,692376,692514,1,6.8273381295,139,0,1,1,0,0.0811445714,
218,706510,707150,1,5.8939157566,641,0,1,1,0,-0.2125029143,
219,714196,714280,1,3.6470588235,85,0,0,1,0,-0.016205,
220,714410,714590,1,4.4198895028,181,0,0,1,1,-0.48611632,
221,715360,715510,1,2.2185430464,151,0,0,0,0,-0.0224634286,
222,718070,718320,1,2.6812749004,251,1,0,1,0,-0.0002379375,
223,719305,719471,1,3.9281437126,167,1,0,1,0,0.2080362222,
224,721650,721744,1,4.3157894737,95,1,0,0,0,-0.0759766667,
225,726000,726180,1,2.7071823204,181,1,0,1,0,0.2827363636,
226,726860,727031,1,2.4069767442,172,1,0,1,0,0.1978172111,
227,748155,748230,1,4.75,76,1,0,1,0,0.1950444,
228,749138,749632,1,4.3575757576,495,0.4565656566,0,1,0,-0.2691842222,
229,749999,750080,1,2.8414634146,82,0.1341463415,0,1,0,0.146408,
230,755657,756820,1,5.3582474227,1164,0,0.9458762887,1,0,-0.1491499989,
231,756846,756930,1,11.9529411765,85,0,0.6705882353,0,0,0.1773385,
232,759911,760030,1,205.6583333333,120,0,0,1,1,0.53112614,
233,760165,760211,1,8.0212765957,47,0,0,0,0,0,
234,767748,767933,1,14.5591397849,186,0,1,0,0,0.0551549091,
235,768537,769060,1,2.8969465649,524,0,1,0,0,0.0351547538,
236,774580,774620,1,9.1463414634,41,0,1,0,0,0,
237,774858,775180,1,3.9907120743,323,0,1,1,0,0.1207286,
238,775900,776084,1,4.6162162162,185,0,1,1,0,-0.21836703,
239,776963,777500,1,3.1840148699,538,0,1,0,0,-0.0580461145,
240,778070,778200,1,2.1679389313,131,0,1,0,0,0.1038843333,
241,778840,779000,1,3.4409937888,161,0,1,0,0,-0.0833179125,
242,787260,787380,1,2.8512396694,121,0,1,1,0,0.1930323333,
243,788820,788880,1,11.0983606557,61,0,1,1,0,0.16974,
244,788980,789190,1,2.8483412322,211,0,1,1,0,0.1843779167,
245,789400,789532,1,3.007518797,133,0,1,0,0,-0.2488273333,
246,793220,793414,1,2.8205128205,195,0,1,1,0,-0.251945,
247,793468,793678,1,14.6161137441,211,0,1,1,0,-0.2973405333,
248,810900,811227,1,4.8018292683,328,0,1,1,0,0.1839480948,
249,812358,812437,1,4.4375,80,0,1,0,0,0.07838,
250,826930,827080,1,2.8741721854,151,0,0,0,0,0.0397524413,
251,830949,831180,1,10.0603448276,232,0,0,1,0,0.3026228667,
252,831330,831520,1,2.335078534,191,0,0,0,0,-0.0181979091,
253,832258,832510,1,5.3557312253,253,0,0,1,1,-0.3264328875,
254,834290,834460,1,2.9824561404,171,0,0,0,0,-0.0271703556,
255,837310,837570,1,5.4865900383,261,0,1,1,0,-0.0544276471,
256,838086,838881,1,5.1683417085,796,0,1,1,0,0.1282326393,
257,839949,840492,1,3.3933823529,544,0.2408088235,0.5882352941,1,0,-0.0150785366,
258,842058,842670,1,3.4828711256,613,0,0.9314845024,1,0,0.075843363,
259,842904,842952,1,10.8775510204,49,0,1,0,0,0,
260,843130,843313,1,4.5869565217,184,0,1,1,0,-0.2495394545,
261,844700,845020,1,3.8442367601,321,0,1,1,0,-0.0693873818,
262,845368,845860,1,60.5111561866,493,0,0.2373225152,1,1,-0.7032415694,
263,846290,846372,1,3.9638554217,83,0,1,0,0,-0.063895,
264,873330,873413,1,3.2619047619,84,0,1,0,0,-0.193713,
265,873490,873640,1,2.7152317881,151,0,1,0,0,-0.140540375,
266,875080,875164,1,5.4235294118,85,0,1,1,0,0.216525,
267,889248,889300,1,44.2452830189,53,0,1,0,0,0,
268,892468,892832,1,3.3863013699,365,0,1,1,0,0.021995,
269,893160,893410,1,2.219123506,251,0,1,1,0,0.2146081438,
270,893518,893840,1,2.9040247678,323,0,1,1,0,0.2956864545,
271,901398,901542,1,3.1586206897,145,0,0,1,0,-0.1024711429,
272,902486,902583,1,4.7959183673,98,0,1,1,1,0.51512,
273,904332,905400,1,5.6127221703,1069,0,0.5201122544,1,0,-0.1156384024,
274,908404,908562,1,582.3710691824,159,0,0,1,0,-0.137615,
275,909410,909533,1,2.3064516129,124,0,1,0,0,0.1074192,
276,912490,912561,1,4.8611111111,72,0,1,1,0,0.471704,
277,922139,922180,1,5.619047619,42,0,1,0,0,0,
278,923140,923150,1,164.0909090909,11,0,0,0,0,0,
279,923236,923242,1,2988.2857142857,7,0,0,0,0,0,
280,923318,923425,1,52.8055555556,108,0,0.1574074074,1,0,-0.0132045,
281,927527,927607,1,7.4938271605,81,0,0,0,0,0.00302,
282,927940,928021,1,4.4390243902,82,0,0,0,0,0.13063,
283,930240,930314,1,4.3066666667,75,0,1,1,1,-0.3486485,
284,930955,931113,1,3.465408805,159,0,1,1,0,0.275569225,
285,942370,942392,1,53.8695652174,23,0,1,0,0,0,
286,942990,943193,1,5.5441176471,204,0,1,1,0,0.235496575,
287,949229,949261,1,4.8484848485,33,0,1,0,0,0,
288,949520,949624,1,2.4666666667,105,0,1,0,0,-0.05896775,
289,956135,956190,1,3.4285714286,56,0,1,0,0,0,
290,958620,959010,1,2.726342711,391,0,1,0,0,-0.0738299286,
291,961344,961540,1,5.6802030457,197,0,1,1,0,0.197691175,
292,963487,963584,1,4.693877551,98,0,1,1,0,0.1431243667,
293,970359,970500,1,3.2887323944,142,0,1,1,0,0.0390611429,
294,971040,971064,1,7.2,25,0,1,0,0,0,
295,976195,976340,1,5.2397260274,146,0.2054794521,0.1643835616,1,0,0.2562561429,
296,979984,980190,1,2.231884058,207,0,1,0,0,-0.0316321667,
297,980520,980710,1,4.4397905759,191,0,1,1,0,0.0566595455,
298,982100,982653,1,2.8916967509,554,0.8772563177,0,1,0,0.0922242205,
299,984300,984400,1,3.6732673267,101,1,0,1,0,0.316587495,
300,987795,988365,1,18.5218914186,571,0,0.5253940455,1,1,1.0964205714,
301,988656,988820,1,2.6727272727,165,0,1,1,0,0.3841991111,
302,988900,989142,1,3.3497942387,243,0,1,1,0,-0.1485040133,
303,989350,989404,1,6.2727272727,55,0,1,0,0,0,
304,990297,990333,1,8.7567567568,37,0,1,0,0,0,
305,990720,990830,1,4.2972972973,111,0,1,0,0,-0.02368734,
306,990958,991110,1,4.1699346405,153,0,1,1,0,0.135146625,
307,996857,997120,1,14.5871212121,264,0,1,0,0,0.0113498824,
308,997289,997523,1,2.629787234,235,0,1,1,0,0.1353853571,
309,997750,998514,1,2.5071895425,765,0,0.9581699346,0,0,0.0125188329,
310,1007874,1009518,1,7.7276595745,1645,0,0.0419452888,1,0,-0.0707764455,
311,1009885,1010400,1,5.5775193798,516,0,0,0,0,0.018103759,
312,1010700,1010800,1,5.3168316832,101,0,0,1,0,-0.04316,
313,1010900,1011200,1,3.5481727575,301,0,0,1,0,0.064507062,
314,1011894,1012514,1,10.3123993559,621,0,1,0,0,-0.068856657,
315,1019673,1019900,1,12.8333333333,228,0,1,1,0,-0.189936,
316,1021100,1021316,1,2.3963133641,217,0,0.4792626728,1,0,0.1027366923,
317,1023976,1024300,1,5.4215384615,325,0,1,1,0,-0.0544818636,
318,1026958,1027000,1,5.4418604651,43,0,1,0,0,0,
319,1027098,1027200,1,2.2330097087,103,0,1,0,0,-0.21842,
320,1031278,1031417,1,4.0571428571,140,0,1,1,0,0.1617120714,
321,1031500,1032032,1,4.8818011257,533,0,0.6303939962,1,0,-0.0347252964,
322,1036100,1036200,1,4.0396039604,101,1,0,0,0,0.1733325,
323,1039700,1040200,1,7.620758483,501,0,0.7944111776,1,0,-0.1732644595,
324,1041500,1041700,1,2.5273631841,201,0,1,0,0,-0.0413055833,
325,1043455,1043716,1,67.320610687,262,0,0,1,0,0.2045923529,
326,1049955,1050300,1,3.3121387283,346,0,1,1,0,0.1289918333,
327,1055497,1055600,1,2.125,104,0,0,1,0,-0.01033975,
328,1057498,1057848,1,4.2364672365,351,0,0.8717948718,1,0,-0.096447252,
329,1059800,1060313,1,1038.9785992218,514,0,0,1,1,-0.5283998211,
330,1063669,1064100,1,470.8194444444,432,0.0648148148,0,1,0,-0.2329743625,
331,1081500,1082100,1,7.4708818636,601,0,1,1,0,-0.0082187804,
332,1083000,1083207,1,2.7692307692,208,0,1,1,0,-0.1719764615,
333,1083400,1083700,1,9.7607973422,301,0,1,0,0,0.0461659115,
334,1084400,1084500,1,2.0792079208,101,0.495049505,0,1,1,-0.368882,
335,1085384,1085500,1,4.0598290598,117,0,1,1,0,0.2779076,
336,1104621,1104704,1,11.7261904762,84,0,0,1,0,0.134976,
337,1109600,1110700,1,62.9727520436,1101,0,0.6330608538,1,0,-0.2029326195,
338,1112300,1112809,1,3.2156862745,510,0,0.5294117647,1,0,-0.142525,
339,1114000,1114200,1,2.0248756219,201,0,1,0,0,-0.0996622,
340,1117800,1118000,1,2.6119402985,201,0,1,1,0,-0.2786593333,
341,1123050,1123100,1,4.2549019608,51,0,1,0,0,0,
342,1127789,1128300,1,6.146484375,512,0,0.865234375,1,0,-0.1578809474,
343,1137429,1137600,1,5.8081395349,172,0,0,0,0,0.0525035,
344,1139298,1139400,1,4.6601941748,103,0,1,0,0,-0.13855175,
345,1139600,1139758,1,5.6226415094,159,0,1,1,0,0.15856675,
346,1145000,1145245,1,3.406504065,246,0,0.9593495935,1,0,-0.0792939375,
347,1151771,1151915,1,5.4206896552,145,0,0,1,0,-0.2158127286,
348,1154586,1154606,1,6.4761904762,21,0,0,0,0,0,
349,1160690,1160729,1,5.15,40,0,0.8,0,0,0,
350,1162900,1163032,1,3.7142857143,133,0,1,1,0,-0.253473,
351,1163200,1163612,1,2.1743341404,413,0,1,0,0,-0.022178469,
352,1165573,1165617,1,5,45,0,0,0,0,0,
353,1175044,1175206,1,335.0736196319,163,0,1,1,0,-0.048522375,
354,1175400,1175512,1,2.5221238938,113,0,1,1,0,-0.087955,
355,1176699,1176715,1,2,17,0,1,0,0,0,
356,1192195,1192816,1,3.7106109325,622,0,0.6286173633,1,0,-0.0575260128,
357,1193688,1193800,1,2.592920354,113,1,0,0,0,0.116234,
358,1195000,1195235,1,2.2711864407,236,1,0,1,0,-0.0462666429,
359,1196666,1196822,1,4.6560509554,157,0,0,1,0,0.423681625,
360,1200990,1201216,1,2.1189427313,227,0,1,0,0,-0.0628163571,
361,1201466,1201749,1,11.411971831,284,0,1,1,0,-0.0695327222,
362,1206098,1206336,1,11.6652719665,239,0,0,1,0,-0.2728241333,
363,1207800,1208010,1,2.7488151659,211,0.6872037915,0,1,0,-0.2858546923,
364,1209952,1210127,1,4.8579545455,176,0,1,1,0,0.0990855556,
365,1218664,1218712,1,10.7346938776,49,0,1,0,0,0,
366,1219855,1219915,1,2.8524590164,61,0,1,0,0,0,
367,1224776,1225004,1,3.2532751092,229,0,1,0,0,0.0161693786,
368,1234788,1234842,1,3.6727272727,55,0,1,0,0,0,
369,1234978,1235200,1,4.9551569507,223,0,1,1,0,0.13838878,
370,1236200,1236600,1,2.897755611,401,0.3266832918,0,1,0,-0.1295853034,
371,1240800,1241028,1,6.9257641921,229,0,1,0,0,0.0584748467,
372,1242388,1242610,1,7.1479820628,223,0,1,1,0,0.2293414615,
373,1246200,1246300,1,2.495049505,101,0,1,0,0,0.0640965,
374,1248582,1248900,1,4.0909090909,319,0,1,1,0,-0.0252625909,
375,1250669,1250738,1,5.6714285714,70,0,0,1,0,0.2014,
376,1253500,1253816,1,6.6782334385,317,0,0.0504731861,1,0,0.0906899952,
377,1257291,1257349,1,15.186440678,59,0,1,0,0,0,
378,1257500,1257700,1,2.2736318408,201,0,1,1,0,0.01639475,
379,1258100,1258203,1,2.0096153846,104,0,1,1,0,0.143672425,
380,1263200,1263362,1,10.1104294479,163,0,1,1,0,-0.0667591111,
381,1264500,1264700,1,2.5970149254,201,0,1,0,0,-0.033705,
382,1270500,1270723,1,32.6026785714,224,0,0,0,0,-0.1896001429,
383,1273168,1273439,1,837.5,272,0,0,1,1,-0.4385073529,
384,1273900,1274122,1,2.9686098655,223,0,1,1,0,-0.0914285385,
385,1286000,1286201,1,4.2178217822,202,0,1,0,0,0.0231038333,
386,1286600,1287103,1,3.2837301587,504,0,1,1,0,-0.1137776803,
387,1296800,1298135,1,2.1167664671,1336,0.9910179641,0,1,0,-0.101489483,
388,1298582,1298700,1,9.8655462185,119,0,1,0,0,-0.0007404,
389,1299694,1299821,1,3.5078125,128,0,1,1,0,0.11825805,
390,1300200,1300316,1,4.8888888889,117,0,1,0,0,0.0696538,
391,1301061,1301200,1,5.5785714286,140,0,1,1,1,-0.4244619857,
392,1301993,1302408,1,11.0456730769,416,0,1,0,0,0.0189536667,
393,1303000,1303404,1,6.3037037037,405,0,1,1,0,0.0020127862,
394,1303871,1305140,1,11.1070866142,1270,0,0.0598425197,1,0,-0.1164885644,
395,1317858,1318000,1,5.0559440559,143,0,1,0,0,0.0986768571,
396,1321871,1322024,1,3.2922077922,154,0.8246753247,0,1,0,0.071039,
397,1324686,1324800,1,3.6434782609,115,0,0,1,0,-0.134711,
398,1339600,1340520,1,3.3127035831,921,0,1,0,0,0.0388963806,
399,1344372,1344700,1,3.2370820669,329,0,0.9422492401,0,0,0.1179674135,
400,1344744,1345025,1,14.1276595745,282,0,1,1,0,-0.1022664895,
401,1348300,1348600,1,3.1794019934,301,1,0,1,0,0.050328515,
402,1371188,1371228,1,5.9756097561,41,1,0,0,0,0,
403,1371300,1371831,1,2.9116541353,532,1,0,1,1,0.5673365775,
404,1372284,1373000,1,5.3305439331,717,0.6025104603,0.3179916318,1,0,0.4130320982,
405,1373700,1373800,1,9.6336633663,101,0,1,1,0,0.21966375,
406,1381497,1381721,1,3.2088888889,225,0,1,1,0,0.2540110714,
407,1388385,1388500,1,3.2413793103,116,0,1,0,0,-0.143345,
408,1389500,1389610,1,2.4414414414,111,0,1,1,0,-0.2764975,
409,1389999,1390533,1,4.0710280374,535,0,1,1,0,-0.2333432797,
410,1393265,1393441,1,6.1299435028,177,0,1,1,0,-0.14962127,
411,1394500,1395300,1,3.4644194757,801,0,1,1,0,-0.1259522484,
412,1396800,1396900,1,2.4257425743,101,0,0,0,0,-0.1906495,
413,1398200,1398500,1,2.196013289,301,0,0.8172757475,1,0,-0.110904275,
414,1398800,1399300,1,2.4071856287,501,0,1,0,0,-0.0127291757,
415,1404500,1404800,1,2.5581395349,301,0,1,0,0,-0.042501,
416,1408323,1408625,1,3.2640264026,303,0,1,1,0,0.0895420655,
417,1414963,1415043,1,8.6419753086,81,0,1,1,0,0.365595,
418,1420466,1420723,1,3.6085271318,258,0,0,0,0,0.1289122938,
419,1421156,1421229,1,7.4189189189,74,0,0,1,0,-0.04472,
420,1439300,1439400,1,2.9504950495,101,0,0,1,0,0.17422875,
421,1440800,1440900,1,3.2475247525,101,0,0,1,0,0.265614,
422,1441289,1441500,1,2.5235849057,212,0,0,1,0,0.0979345692,
423,1441800,1441900,1,2.0594059406,101,0,0,0,0,-0.11853125,
424,1447571,1448001,1,6.9466357309,431,0,1,1,0,0.2690657226,
425,1448385,1448900,1,2.492248062,516,0,1,1,0,0.0275824737,
426,1451577,1451800,1,7.3303571429,224,0,1,0,0,0.0350562857,
427,1452600,1453200,1,2.0266222962,601,0,1,0,0,-0.0430231109,
428,1455400,1455819,1,5.3023809524,420,0,1,0,0,-0.00886906,
429,1459700,1459800,1,64.4554455446,101,0,0,1,1,-0.684655,
430,1463500,1463716,1,3.5760368664,217,0,0.732718894,0,0,-0.0046653385,
431,1464061,1464105,1,3.7111111111,45,0,1,0,0,0,
432,1464300,1464600,1,7.0631229236,301,0,1,1,0,-0.0888457286,
433,1467100,1467200,1,4.5742574257,101,0,1,1,1,0.5130166667,
434,1467995,1468017,1,30.2608695652,23,0,1,0,0,0,
435,1482802,1483216,1,25.3301204819,415,0,1,1,0,0.1718475267,
436,1483881,1484523,1,7.7760497667,643,0,0.6267496112,1,0,-0.1703467408,
437,1485034,1485700,1,6.8260869565,667,0,1,1,0,0.2158292549,
438,1489481,1490000,1,6.0057692308,520,0,1,0,0,-0.0393752684,
439,1491700,1492004,1,4.4721311475,305,0,1,1,0,0.03523075,
440,1494142,1494408,1,4.3333333333,267,0,1,0,0,0.0443471111,
441,1496500,1496903,1,25.9752475248,404,0.8267326733,0,1,0,-0.1678463571,
442,1496977,1497103,1,1511.1653543307,127,0,0,1,1,-0.4285537333,
443,1499400,1499500,1,2.7524752475,101,0,1,1,0,-0.002305,
444,1499768,1500105,1,6.9467455621,338,0,1,1,0,0.1208079687,
445,1502371,1502500,1,3.2769230769,130,0,1,1,0,-0.0887138333,
446,1503200,1503414,1,3.5906976744,215,0,1,0,0,0.0289058154,
447,1506269,1506309,1,5.2682926829,41,0,0.7073170732,0,0,0,
448,1513200,1513300,1,5.4158415842,101,0,0,1,0,0.49405475,
449,1525688,1525807,1,2.3083333333,120,0,0.4083333333,1,1,-0.4064032,
450,1528399,1528532,1,15.1641791045,134,0,1,0,0,0.0532356667,
451,1531171,1531400,1,8.8782608696,230,0,0.9,0,0,-0.0603210857,
452,1535988,1536500,1,3.3996101365,513,0,1,1,0,-0.0958728289,
453,1540100,1540200,1,3.2178217822,101,1,0,1,0,0.25096975,
454,1543679,1543717,1,5.1538461538,39,0,0,0,0,0,
455,1545800,1546004,1,2.1512195122,205,0,1,1,0,0.1902305833,
456,1548881,1549199,1,7.9467084639,319,0,0.7115987461,1,0,-0.1590196429,
457,1550700,1550815,1,5.1982758621,116,0,1,1,0,0.4013756,
458,1553983,1554202,1,3.2090909091,220,1,0,1,0,0.4204893077,
459,1556600,1557200,1,11.5873544093,601,0,0.2512479201,1,0,0.0138060736,
460,1557319,1557600,1,274.7765957447,282,0,1,1,0,0.019141,
461,1558570,1559300,1,7.560875513,731,0,0.9151846785,1,0,0.0860092248,
462,1560480,1560700,1,2.6561085973,221,0,1,0,0,-0.0594550021,
463,1561890,1562133,1,5.0655737705,244,0,1,0,0,-0.02068266,
464,1562700,1563003,1,3.1414473684,304,0,1,0,0,0.0262744471,
465,1572099,1572124,1,2.1538461538,26,0,1,0,0,0,
466,1591800,1592000,1,3.736318408,201,1,0,1,0,-0.2550990833,
467,1599073,1599403,1,3.1933534743,331,0,0.6465256798,1,0,0.4610598261,
468,1599600,1600014,1,10.2939759036,415,0,1,1,0,0.0830737933,contains IsrR
469,1603469,1604500,1,2.7189922481,1032,0,0.2286821705,1,0,-0.1718004383,
470,1604700,1605000,1,3.3089700997,301,0,1,1,0,0.1476655952,
471,1605500,1605601,1,4.862745098,102,0,1,1,1,-0.30114175,
472,1617600,1617818,1,4.3744292237,219,0,0.9634703196,0,0,-0.0754498643,
473,1618800,1618900,1,4.8613861386,101,0,1,0,0,0.0184795,
474,1620200,1620817,1,2.9919093851,618,0,0,1,0,-0.0214485894,
475,1622400,1622500,1,4.2772277228,101,0,0,1,1,-0.335699,
476,1626079,1626212,1,3.8656716418,134,0,1,1,1,-0.3182555,
477,1629800,1630022,1,6.8609865471,223,0,0,1,0,0.3105761286,
478,1636985,1637105,1,4.8181818182,121,1,0,1,0,0.205366,
479,1639758,1639900,1,4.3776223776,143,1,0,0,0,0.0499757143,
480,1640000,1640303,1,2.3388157895,304,0.1973684211,0.25,1,1,-0.3419022,
481,1641591,1641700,1,2.3545454545,110,0,1,1,0,-0.14201675,
482,1641800,1642300,1,4.9421157685,501,0,1,1,0,0.1959252432,
483,1642850,1643100,1,4.1752988048,251,0,0.7250996016,1,0,0.0785513375,
484,1644277,1644510,1,2.4273504274,234,0,0.7606837607,1,0,0.1103512333,
485,1647200,1647327,1,3.21875,128,0,1,0,0,-0.0269826667,
486,1647592,1647829,1,8.9075630252,238,0,1,1,0,-0.0710614467,
487,1653300,1653517,1,2.4816513761,218,0,1,0,0,-0.1040817786,
488,1653800,1654100,1,2.9003322259,301,0,1,0,0,0.094943465,
489,1654489,1655109,1,5.6441223833,621,0,1,0,0,-0.0048263447,
490,1656664,1656801,1,6.7826086957,138,0,1,1,0,-0.1508771667,
491,1657200,1657500,1,4.9667774086,301,0,1,0,0,-0.0625498438,
492,1672892,1673331,1,3.0954545455,440,0,1,1,0,-0.0588966875,
493,1683650,1683716,1,15.2835820896,67,0,0,0,0,0,
494,1692969,1693116,1,3.4594594595,148,0,1,0,0,-0.143470125,
495,1694900,1695700,1,2.5880149813,801,0,1,1,0,-0.0295366703,
496,1696500,1696800,1,4.488372093,301,0,1,1,0,0.2253342857,
497,1704569,1704626,1,4.8620689655,58,0,1,0,0,0,
498,1717596,1717716,1,3.5289256198,121,0,0.5619834711,1,1,-0.3700191667,
499,1720452,1720668,1,6.5576036866,217,0,1,1,0,-0.1588222786,
500,1726867,1727200,1,6.374251497,334,0,1,1,0,0.0455137304,
501,1728100,1728400,1,2.2392026578,301,0,0.4850498339,1,0,-0.093252235,
502,1733100,1733249,1,4.0866666667,150,0,1,1,0,0.141121375,
503,1737581,1737800,1,4.1681818182,220,0,0,0,0,-0.1007486923,
504,1744200,1744700,1,2.5289421158,501,0,0.9361277445,1,0,-0.2017774811,
505,1745500,1745618,1,2.9831932773,119,0,1,0,0,0.1785104,
506,1747678,1747900,1,4.3452914798,223,0,1,0,0,-0.0501338571,
507,1748969,1749053,1,7.8117647059,85,0,0,1,0,0.122511,
508,1755883,1756000,1,2.7881355932,118,0.7288135593,0,1,0,-0.0712366,
509,1759200,1759400,1,2.9701492537,201,0,0.3482587065,1,0,0.250901475,
510,1759500,1759771,1,4.8713235294,272,0,1,1,0,0.0798411667,
511,1766000,1766221,1,5.8828828829,222,0,1,1,0,-0.0858361429,
512,1768782,1769105,1,2.5030864198,324,0,0.512345679,1,0,-0.1749915682,
513,1770500,1770711,1,2.1839622642,212,0,1,0,0,-0.0226011692,
514,1779700,1780004,1,5.6819672131,305,0,1,1,0,0.023018145,
515,1786900,1787300,1,7.463840399,401,0,1,1,0,0.0323116786,
516,1787600,1788501,1,3.0631929047,902,0,1,1,0,0.3052840153,
517,1792460,1792800,1,28.293255132,341,0,0.2521994135,1,1,-0.6206535417,
518,1793193,1793522,1,2.2484848485,330,0,1,1,0,0.2323362609,
519,1793800,1793910,1,2.2612612613,111,0,1,0,0,-0.04396575,
520,1794490,1794700,1,2.2654028436,211,0,1,0,0,-0.0716460769,
521,1795000,1795200,1,2.7064676617,201,0,1,1,0,0.2169770833,
522,1799421,1799700,1,5.8035714286,280,0,1,1,0,-0.0863180737,
523,1803776,1803902,1,8.2913385827,127,0,1,1,0,0.3446186667,
524,1810300,1810600,1,4.4617940199,301,0,1,0,0,0.071670845,
525,1818464,1818732,1,8.2639405204,269,0,1,0,0,-0.0095298444,
526,1819300,1819800,1,2.1477045908,501,0,1,0,0,-0.0466996676,
527,1819993,1821100,1,5.0090252708,1108,0,1,1,0,0.0910752414,
528,1821995,1822026,1,8.125,32,0,1,0,0,0,
529,1822283,1822729,1,2.8814317673,447,0,1,1,0,0.1295390303,
530,1823900,1824000,1,3,101,0,1,1,0,0.205197,
531,1827655,1827739,1,11.8705882353,85,0,0,1,1,-0.625215,
532,1832500,1832746,1,4.2267206478,247,0,1,1,0,-0.1599102713,
533,1833300,1833500,1,3.3333333333,201,0,1,0,0,-0.0468532917,
534,1844900,1845519,1,2.7177419355,620,1,0,1,0,-0.1625571191,
535,1848600,1848706,1,2.6261682243,107,0,1,0,0,0.07918275,
536,1853700,1853800,1,3.6633663366,101,0,1,1,0,0.33925275,
537,1853900,1854100,1,2.3731343284,201,0,1,1,0,0.1673904167,
538,1862763,1862927,1,3.0181818182,165,0,1,0,0,-0.09846425,
539,1872195,1872500,1,4.0359477124,306,0,1,1,0,0.198910345,
540,1873500,1873900,1,6.5461346633,401,0,1,1,1,-0.385652431,
541,1886300,1886800,1,4.9780439122,501,0,0.7964071856,1,0,-0.2163478378,
542,1887000,1887344,1,2.8376811594,345,0,1,1,0,-0.0310703208,
543,1888667,1888900,1,3.8717948718,234,0,1,1,0,-0.0469769333,
544,1889800,1889909,1,4.1727272727,110,0,1,1,0,0.11372925,
545,1890790,1891130,1,3.4516129032,341,0,1,1,0,0.0283840125,
546,1892052,1892200,1,3.7181208054,149,0,1,1,1,-0.3018889513,
547,1893700,1893886,1,20.7807486631,187,0,0.4759358289,1,1,-0.7743886,
548,1894738,1895022,1,2.6877192982,285,0,1,0,0,0.0336287895,
549,1898986,1899904,1,53.6931447225,919,0,0.6887921654,1,0,0.1931954458,contains Yfr1
550,1900000,1900100,1,2.9603960396,101,0,1,0,0,0.106155,
551,1900200,1901136,1,5.5720384205,937,0,1,1,0,0.0327559122,
552,1906200,1906618,1,3.4081145585,419,0,1,1,0,-0.0267225667,
553,1907500,1907800,1,2.096345515,301,0,1,0,0,0.08348562,
554,1910297,1910302,1,2,6,0,1,0,0,0,
555,1911200,1911602,1,3.6724565757,403,0,0.9702233251,0,0,-0.0620893586,
556,1914400,1914748,1,8.7679083095,349,0,1,1,0,-0.1504610308,
557,1924100,1924242,1,3.5874125874,143,1,0,0,0,0.0083302857,
558,1926052,1926600,1,4.1584699454,549,0,1,0,0,0.004787862,
559,1930591,1932400,1,2.9121546961,1810,0,0.9414364641,0,0,0.0375726466,
560,1940800,1941346,1,8.4643510055,547,0,1,1,0,0.05386521,
561,1947687,1947748,1,6.3870967742,62,0,1,0,0,0,
562,1949067,1949100,1,2.8235294118,34,0,1,0,0,0,
563,1952400,1952700,1,3.8571428571,301,0,0.6710963455,1,0,0.2179124095,
564,1956800,1957400,1,3.4059900166,601,0,1,0,0,-0.01396682,
565,1962497,1963115,1,2.3004846527,619,0,1,1,0,-0.0328712217,
566,1966661,1966924,1,2.8939393939,264,0,1,1,0,-0.125406,
567,1968696,1968900,1,4.3902439024,205,0,1,1,0,-0.2665235,
568,1970400,1970600,1,4.0199004975,201,0,1,1,1,0.7126829167,
569,1972062,1972300,1,19.0460251046,239,0,0.8828451883,1,0,-0.16713474,
570,1978100,1978400,1,2.7275747508,301,0,1,1,0,-0.2920217,
571,1979600,1980000,1,5.5635910224,401,0,1,0,0,-0.1142495345,
572,1980793,1981300,1,3.0137795276,508,0,1,0,0,-0.1102458211,
573,1981700,1982100,1,2.7780548628,401,0,1,1,0,0.1913857586,
574,1982600,1983029,1,3.0139534884,430,0,1,1,0,0.0407430871,
575,1983900,1984510,1,2.3666121113,611,0,1,1,0,0.0751737109,
576,1987000,1987203,1,3.1029411765,204,0,1,0,0,-0.05949975,
577,1987900,1988300,1,2.0174563591,401,0,1,0,0,0.0553292286,
578,1991191,1991405,1,2.6558139535,215,0,1,1,0,-0.0222340769,
579,1991969,1992100,1,3.5,132,0,1,1,0,-0.1412704333,
580,1995789,1996129,1,4.064516129,341,0,1,1,0,0.0957290417,
581,1999867,2000442,1,5.53125,576,0,0.6319444444,1,0,0.0220762279,
582,2009199,2009400,1,4.3762376238,202,0,0.9356435644,1,0,0.1346026833,
583,2011495,2011603,1,4.9449541284,109,0,0,1,0,-0.248026425,
584,2014586,2015000,1,2.2891566265,415,0.8554216867,0,0,0,0.0392614586,
585,2017474,2017900,1,2.2529274005,427,0,1,0,0,0.0151488935,
586,2020000,2020400,1,2.433915212,401,0,1,1,0,-0.1310003214,
587,2027500,2027600,1,3.7326732673,101,0,1,0,0,0.096573,
588,2033800,2034200,1,7.5261845387,401,0,0.885286783,1,0,-0.0699770346,
589,2035090,2035300,1,4.1469194313,211,0,1,0,0,-0.0523410846,
590,2044000,2044200,1,4.0099502488,201,0,1,1,0,0.0625604167,
591,2045792,2045921,1,3.2692307692,130,0,1,0,0,-0.0570696667,
592,2047291,2047623,1,3.4024024024,333,0,0.7927927928,0,0,-0.0715747391,
593,2047789,2047900,1,2.5714285714,112,0,1,0,0,0.0824178,
594,2052670,2052710,1,4.3170731707,41,0,1,0,0,0,
595,2055495,2056000,1,3.8181818182,506,0,1,1,0,-0.0891742405,
596,2056700,2056939,1,3.1416666667,240,0,1,1,0,0.0248179533,
597,2057178,2057204,1,2.2962962963,27,0,1,0,0,0,
598,2058400,2058800,1,4.4788029925,401,0,0.5910224439,1,0,0.0871382357,
599,2059200,2059500,1,2.6710963455,301,0,1,1,0,0.1504081905,
600,2060672,2060816,1,3.8275862069,145,0,1,0,0,-0.1807405286,
601,2062690,2063000,1,2.9003215434,311,0,1,1,0,0.0335488095,
602,2067779,2068300,1,3.846743295,522,0,0.8812260536,1,0,0.1856936103,
603,2070200,2070400,1,2.4179104478,201,0,0.5572139303,1,0,0.3904314167,
604,2072852,2073000,1,9.966442953,149,0,0,1,0,0.009065625,
605,2075777,2075844,1,3.8970588235,68,0,0.3382352941,1,0,-0.20115,
606,2079483,2079749,1,8.8988764045,267,0,1,1,0,0.0662401176,
607,2080070,2080423,1,6.2429378531,354,0,0.8050847458,1,0,0.103522875,
608,2083100,2083300,1,5.4925373134,201,0,1,1,1,0.6916531583,
609,2083600,2083700,1,2.3267326733,101,0,1,0,0,-0.1821433333,
610,2086566,2086840,1,2.4909090909,275,0,1,1,0,0.2875466333,
611,2087700,2087820,1,3.479338843,121,0,1,0,0,-0.0198366,
612,2091700,2091900,1,2.7711442786,201,0,1,1,0,0.0864685833,
613,2092600,2093046,1,4.2796420582,447,0,0,1,0,0.2151442531,
614,2099465,2099520,1,3.125,56,0,0.5535714286,0,0,0,
615,2100352,2100500,1,4.2617449664,149,0,1,1,0,-0.2702695571,
616,2107000,2107600,1,4.4009983361,601,0,1,1,0,0.1020440284,
617,2108100,2108806,1,6.6888260255,707,0,0.4214992928,1,0,0.2477424704,
618,2114000,2114600,1,7.8635607321,601,0,0.9983361065,0,0,0.0381213356,
619,2123381,2123404,1,4.875,24,0,1,0,0,0,
620,2124200,2124400,1,3.7860696517,201,0,1,1,0,0.1642304833,
621,2128068,2128126,1,2.3220338983,59,0,1,0,0,0,
622,2132974,2133100,1,2.3307086614,127,0,1,1,0,0.0360018333,
623,2139171,2139323,1,6.0392156863,153,0,1,1,0,0.253258,
624,2142800,2143300,1,2.7704590818,501,0,1,0,0,-0.0021031749,
625,2145200,2145413,1,3.6682242991,214,0,1,0,0,-0.0190863638,
626,2146897,2146922,1,2,26,0,1,0,0,0,
627,2146996,2147300,1,2.0360655738,305,0,1,0,0,0.0525229,
628,2148500,2148700,1,2.1343283582,201,0,1,1,0,0.19312425,
629,2156561,2156600,1,5.625,40,0,0.8,0,0,0,
630,2157100,2157300,1,2.3233830846,201,0,1,1,0,0.0625553333,
631,2157400,2157649,1,6.3,250,0,1,1,0,0.0110615188,
632,2163500,2164015,1,4.8294573643,516,0.1763565891,0.3817829457,1,0,-0.0312657368,
633,2165600,2166000,1,2.0199501247,401,0,1,1,0,-0.0999099448,
634,2176668,2176800,1,2.8270676692,133,0,0,0,0,0.0739921429,
635,2184200,2185033,1,2.8681055156,834,0,0.8561151079,1,0,-0.0139956646,
636,2187892,2188103,1,7.4386792453,212,0,1,1,0,-0.2113637333,
637,2196157,2198148,1,490.6485943775,1992,0,0.9011044177,0,0,0.038425731,
638,2198692,2198803,1,9.4642857143,112,0,1,1,0,0.171726625,
639,2200000,2200200,1,2.7213930348,201,0,1,1,0,-0.1872305,
640,2201900,2203000,1,2.9963669391,1101,0,1,1,0,0.085035277,
641,2203294,2203416,1,6.9918699187,123,0,1,0,0,0.1544933667,
642,2210400,2210500,1,2.2574257426,101,0,1,1,0,0.274794,
643,2213789,2214100,1,7.4871794872,312,0,1,1,0,-0.0912108095,
644,2214600,2214700,1,2.1683168317,101,0,1,1,0,-0.190345,
645,2215700,2216100,1,6.289276808,401,0,1,0,0,-0.0312317345,
646,2228286,2228400,1,3.6695652174,115,0,0,1,0,0.0969968,
647,2229500,2229900,1,3.0024937656,401,0,1,1,0,-0.1722952759,
648,2235300,2235700,1,2.6034912718,401,0,1,1,0,-0.1523058103,
649,2235782,2236634,1,5.5123094959,853,0,1,1,0,-0.0432239927,
650,2237465,2238031,1,3.9100529101,567,0.1481481481,0.3650793651,1,0,-0.1279247786,
651,2239100,2239400,1,3.0598006645,301,0,1,1,0,0.32215775,
652,2240377,2240410,1,8.6764705882,34,0,1,0,0,0,
653,2245800,2246200,1,2.2394014963,401,1,0,0,0,-0.0081263597,
654,2247361,2247532,1,6.6744186047,172,0,0.1686046512,1,0,-0.2609072,
655,2254676,2255000,1,2.3292307692,325,0,0.9723076923,1,0,-0.1842329909,
656,2255800,2256025,1,2.4292035398,226,0,0.5442477876,1,0,0.0784547857,
657,2258700,2259100,1,6.4463840399,401,0,1,1,0,0.1812377793,
658,2259200,2259500,1,2.7906976744,301,0,1,0,0,-0.0312639,
659,2259700,2260013,1,4.8535031847,314,0,1,1,0,0.0964105714,
660,2260200,2260404,1,9.6682926829,205,0,1,1,0,-0.0428203077,
661,2261499,2261729,1,4.4891774892,231,0,1,0,0,0.0983937071,
662,2263813,2264128,1,24.5537974684,316,0.1772151899,0,0,0,0.0761307,
663,2273670,2273800,1,3.7022900763,131,0,0,0,0,0.0429406667,
664,2274300,2274600,1,6.4717607973,301,0,0,0,0,0.0589009471,
665,2280800,2281200,1,4.897755611,401,0,1,1,0,0.1157090552,
666,2283348,2283706,1,3.7799442897,359,0,1,0,0,0.0439316,
667,2284378,2284500,1,2.7886178862,123,0,1,0,0,-0.0496051667,
668,2285964,2286200,1,2.7088607595,237,0,1,1,0,-0.0084112667,
669,2286763,2287100,1,5.0118343195,338,0,1,1,0,0.1011841739,
670,2288664,2289100,1,4.7208237986,437,0,1,1,0,-0.0174009688,
671,2289892,2290100,1,2.4354066986,209,0,1,0,0,0.085312,
672,2290400,2290500,1,5.6831683168,101,0,1,1,0,0.3134975,
673,2291088,2291600,1,8.567251462,513,0,1,1,0,-0.1111837737,
674,2293000,2293200,1,3.8258706468,201,0,1,1,0,-0.1849390833,
675,2293476,2293800,1,2.1692307692,325,0,1,1,0,0.2494481696,
676,2296860,2297127,1,2.7537313433,268,0,1,0,0,-0.0960875556,
677,2299700,2299800,1,2.9900990099,101,0,1,0,0,-0.0284205,
678,2299894,2300123,1,3.2086956522,230,0,1,1,0,0.0907995,
679,2302800,2302902,1,2.0776699029,103,0,1,1,0,-0.1771295,
680,2303253,2303436,1,3.7880434783,184,0,0,1,0,0.0593500909,
681,2303500,2303816,1,4.1861198738,317,0,0.6025236593,1,0,-0.1560140114,
682,2307981,2308104,1,3.9596774194,124,0,1,0,0,0.0618259167,
683,2309580,2309900,1,2.8753894081,321,0,1,1,0,-0.2399471818,
684,2315100,2315415,1,136.1582278481,316,0,0.2626582278,1,1,2.6722909091,
685,2316162,2316312,1,3.6158940397,151,0,1,1,0,0.158441,
686,2316461,2317200,1,3.7256756757,740,0,0.1027027027,1,1,-0.3380197526,
687,2318200,2318300,1,5.702970297,101,0,0.1485148515,1,0,0.075386,
688,2318383,2318712,1,872.4606060606,330,0,1,1,0,-0.1751810348,
689,2320000,2320100,1,4.7227722772,101,0,1,0,0,-0.0375473333,
690,2322100,2322200,1,2.8910891089,101,0,1,0,0,0.2428643333,
691,2323489,2323622,1,3.7910447761,134,0,1,0,0,0.0599495714,
692,2325977,2326128,1,6.7828947368,152,0,1,1,0,-0.080036,
693,2329200,2329415,1,4.6898148148,216,0,1,1,0,0.2755222538,
694,2330962,2331110,1,6.6912751678,149,0,1,1,0,0.093632375,
695,2332500,2332818,1,2.2288401254,319,0,1,0,0,-0.0787239227,
696,2335197,2335400,1,3.4509803922,204,0,1,1,0,0.1709145,
697,2339200,2339401,1,9.7623762376,202,0,1,1,0,0.06008235,
698,2349550,2349711,1,20.4320987654,162,0,1,0,0,-0.1346518556,
699,2355600,2355900,1,10.6478405316,301,0,1,1,0,-0.0568479762,
700,2360376,2360628,1,3.2885375494,253,0,1,1,0,0.2327911176,
701,2368900,2369010,1,3.954954955,111,0.4054054054,0,0,0,-0.0584504975,
702,2370492,2370504,1,8.4615384615,13,0,0,0,0,0,
703,2377040,2377300,1,2.4712643678,261,0,1,1,0,0.3120689706,
704,2379569,2379800,1,3.6810344828,232,0,0.9396551724,1,0,0.0921086714,
705,2382651,2382725,1,14.8666666667,75,0,1,1,1,-0.350034,
706,2383600,2383810,1,7.5592417062,211,0,0.3744075829,1,0,0.1648578333,
707,2388475,2388823,1,2.8280802292,349,0.2148997135,0.3581661891,0,0,0.01382485,
708,2388989,2389219,1,2.6060606061,231,1,0,0,0,0.0065815786,
709,2397194,2397227,1,6.0588235294,34,0,1,0,0,0,
710,2397491,2397600,1,4.5,110,0,1,1,0,-0.1447646,
711,2397763,2397813,1,4.431372549,51,0,1,0,0,0,
712,2399898,2400109,1,5.8773584906,212,0,1,1,0,-0.1636386723,
713,2404000,2404222,1,2.7174887892,223,0,1,1,0,-0.0213234308,
714,2412587,2412800,1,2.4158878505,214,0,1,1,0,0.1000281077,
715,2422764,2423226,1,7.4017278618,463,0,0.9978401728,1,1,-0.5768401988,
716,2423757,2423927,1,5.2631578947,171,0,1,0,0,-0.104747,
717,2430656,2430808,1,7.9281045752,153,0,0.908496732,1,0,-0.130562625,
718,2432900,2433200,1,8.4119601329,301,0,1,1,0,0.18529237,
719,2433569,2433800,1,17.9698275862,232,0,0,1,1,-0.4440786429,
720,2440800,2441018,1,2.8356164384,219,0,1,1,0,0.1677018007,
721,2445200,2445305,1,2.3773584906,106,0,0,1,1,-0.3162765,
722,2457966,2458228,1,3.2129277567,263,0,1,1,0,0.1885354941,
723,2458500,2458600,1,2.4158415842,101,0,1,1,0,0.27702245,
724,2461400,2461537,1,3.152173913,138,0.7608695652,0.9347826087,1,0,0.455725,
725,2462000,2463029,1,2.3310679612,1030,1,0,0,0,0.0186438716,
726,2470800,2470907,1,2.1851851852,108,0,1,1,0,-0.007861975,
727,2471185,2471300,1,3.0086206897,116,0,0.2586206897,1,0,0.067629,
728,2471393,2471500,1,3.0185185185,108,0,1,0,0,-0.045445,
729,2472100,2472200,1,3.2475247525,101,0,1,0,0,-0.124401,
730,2478587,2478928,1,1728.9415204678,342,0,0,1,0,0.06136325,
731,2484800,2485000,1,3.3781094527,201,0,1,1,0,-0.1315751667,
732,2485389,2485600,1,5.9245283019,212,0,0.9858490566,1,0,0.2962759231,
733,2488400,2488500,1,19.8118811881,101,0,0.6336633663,0,0,0.05353075,
734,2496092,2496200,1,2.0183486239,109,0,1,0,0,0.1569425,
735,2498300,2498600,1,4.7275747508,301,0,1,1,0,-0.06912207,
736,2498700,2498800,1,3.5445544554,101,0,0.6435643564,1,0,0.2218275,
737,2500892,2501244,1,6.2067988669,353,0,0.9745042493,0,0,0.011768808,
738,2502700,2502818,1,2.4285714286,119,0,1,1,0,0.141028,
739,2503400,2503815,1,2.2043269231,416,0,1,1,0,0.1372833367,
740,2505300,2505512,1,4.0845070423,213,0,1,1,0,-0.0405805308,
741,2508946,2509018,1,7.9589041096,73,0,1,1,0,-0.12925,
742,2509590,2509637,1,12,48,0,1,0,0,0,
743,2514059,2514249,1,1416.9895287958,191,0,0,1,1,-0.7096253309,
744,2516486,2516600,1,6.3304347826,115,0,1,1,0,0.19368375,
745,2517262,2517345,1,5.75,84,0,1,0,0,-0.011646,
746,2517700,2517900,1,6.1741293532,201,0,0.6417910448,1,0,-0.18956375,
747,2518249,2518500,1,7.0952380952,252,0,1,1,0,0.0457586882,
748,2519700,2520100,1,5.5187032419,401,0,1,1,0,0.2438277414,
749,2520300,2520720,1,2.460807601,421,0,1,1,0,0.1362807581,
750,2522900,2523509,1,2.7819672131,610,0,1,0,0,-0.0077252609,
751,2526900,2527038,1,3.3597122302,139,0,1,0,0,0.1311854286,
752,2527876,2528111,1,2.9406779661,236,0,1,1,1,-0.3071726,
753,2530000,2530200,1,4.3880597015,201,0,1,0,0,-0.0140593333,
754,2530294,2532100,1,4.0940785833,1807,0,0.9900387382,1,0,-0.0986423565,
755,2545463,2545694,1,4.9224137931,232,0,0.9784482759,1,0,-0.0688823333,
756,2560000,2560355,1,5.7584269663,356,0,0,0,0,-0.0236450875,
757,2561998,2562200,1,4.0098522167,203,0,1,1,0,-0.09799545,
758,2563300,2563532,1,6.7510729614,233,0,1,1,0,-0.0926097643,
759,2566560,2566730,1,4.2631578947,171,0,1,1,0,-0.07561165,
760,2567881,2568000,1,3.7166666667,120,0,1,1,0,-0.1488986667,
761,2569773,2569902,1,2.6307692308,130,0.7461538462,0,1,0,0.20198,
762,2570673,2570734,1,6.5483870968,62,0,0,0,0,0,
763,2578655,2579904,1,26.2656,1250,0,1,1,0,-0.1797170576,
764,2583281,2583315,1,4.9714285714,35,0,1,0,0,0,
765,2583891,2584600,1,3.4281690141,710,0,1,1,0,-0.0525316389,
766,2586093,2586112,1,10.7,20,0,0.05,0,0,0,
767,2590283,2590521,1,13.3138075314,239,0,1,1,0,0.1277678,
768,2596658,2596800,1,3092.9300699301,143,0,0.9370629371,1,0,-0.2235942857,
769,2597500,2597700,1,3.7611940299,201,0,1,0,0,-0.08351875,
770,2598700,2598901,1,3.9108910891,202,0,1,1,0,0.2525701,
771,2599500,2600000,1,2.5389221557,501,0,1,1,0,-0.0864115676,
772,2602597,2602900,1,5.2631578947,304,0,1,1,0,-0.1046300476,
773,2604068,2604214,1,2.2993197279,147,0,0.9523809524,1,0,0.1211946857,
774,2615568,2615657,1,5.9777777778,90,0,1,1,0,-0.1770703333,
775,2620097,2620600,1,2.7996031746,504,0,1,1,0,0.0815816,
776,2622886,2622912,1,9652.2222222222,27,0,0,0,0,0,
777,2623166,2623500,1,1282.671641791,335,0,0.3671641791,1,0,-0.1677187826,
778,2633800,2634200,1,2.2319201995,401,0,1,0,0,-0.0244529893,
779,2635193,2635308,1,2.25,116,0,1,1,0,0.2761664,
780,2635369,2635428,1,3.7,60,0,1,1,0,0.430728,
781,2639500,2639600,1,2.6732673267,101,0,1,0,0,-0.0306726667,
782,2641314,2641800,1,4.5256673511,487,0.9281314168,0,1,0,-0.2326421222,
783,2644000,2644243,1,2.1721311475,244,1,0.2336065574,1,0,-0.1328974667,
784,2645200,2645400,1,2.5273631841,201,0,1,1,1,-0.3560075667,
785,2648700,2649213,1,8.5019455253,514,0,1,1,0,-0.2767391474,
786,2652589,2652613,1,2.76,25,0,1,0,0,0,
787,2654100,2654602,1,2.0437375746,503,0.8747514911,0.0536779324,1,0,-0.1147497027,
788,2675671,2676000,1,6.3757575758,330,0,0.7848484848,1,1,0.6343283913,
789,2680800,2681000,1,4.1990049751,201,0,1,1,0,0.1650939167,
790,2681472,2681800,1,2.6930091185,329,0,1,0,0,0.0395997348,
791,2682497,2682528,1,19.65625,32,0,1,0,0,0,
792,2687800,2688500,1,4.5335235378,701,0,0.8459343795,1,0,-0.0002781509,
793,2689300,2689412,1,2.8761061947,113,0,1,0,0,0.07319425,
794,2690397,2690548,1,10.5986842105,152,0,0,1,0,-0.136874,
795,2693000,2693400,1,8.6009975062,401,0,1,1,0,0.2809961034,
796,332,1,0,3.1596385542,332,0,0.9759036145,1,0,-0.0478939783,
797,4509,4331,0,20.6145251397,179,0,1,1,1,-0.3341857,
798,5019,4899,0,4.173553719,121,0,1,1,0,0.3398688,
799,12163,12035,0,6.9224806202,129,0,0,0,0,0.3819756667,
800,15223,15018,0,2.1747572816,206,0,1,1,0,-0.0920326385,
801,18678,18420,0,2.9884169884,259,0,1,0,0,-0.1386175294,
802,19096,18913,0,9.1141304348,184,0,1,0,0,-0.00256978,
803,26324,26144,0,4.8397790055,181,0,1,1,0,0.030836,
804,28797,28592,0,7.0291262136,206,0,1,0,0,0.0552296917,
805,32354,32204,0,4.0331125828,151,0,1,1,0,-0.0230064857,
806,35416,34891,0,3.5228136882,526,0.427756654,0.144486692,1,0,0.3918787872,
807,37109,36831,0,2.3978494624,279,0,0.4731182796,1,0,0.0193483333,
808,38182,37904,0,3.4874551971,279,0,1,1,0,-0.1656697222,
809,40791,40457,0,2.4567164179,335,0,0.8626865672,1,0,0.0815567348,
810,42310,42161,0,3.3666666667,150,0,1,1,0,0.263752625,
811,42996,42763,0,3.1025641026,234,0,1,1,0,-0.2115505533,
812,44946,43941,0,4.8051689861,1006,0,0,0,0,-0.0483265468,
813,46728,46496,0,5.3175965665,233,0,1,1,0,-0.2706466643,
814,48870,48110,0,50.9408672799,761,0,1,1,1,-0.3640279915,
815,50705,50014,0,12.6242774566,692,0,1,1,0,-0.0661231077,
816,64230,63341,0,2.993258427,890,0,0,1,0,-0.1087679371,
817,74452,74309,0,2.6736111111,144,0,1,0,0,-0.1161553571,
818,75248,75025,0,2.125,224,0,1,1,0,0.2174665,
819,80129,79967,0,5.1717791411,163,0,1,1,0,0.1815963125,
820,81492,80634,0,17.529685681,859,0,1,1,0,0.1028576761,
821,87723,87508,0,3817.1296296296,216,0,0,1,0,-0.1115788462,
822,97787,97439,0,5.558739255,349,1,0,1,0,0.0452410754,
823,101960,101905,0,5.3392857143,56,0,1,0,0,0,
824,102320,102299,0,6.8636363636,22,0,1,0,0,0,
825,110104,109940,0,2.703030303,165,0,0.9333333333,0,0,0.058225875,
826,112360,112305,0,5.8214285714,56,0,0,0,0,0,
827,112550,112518,0,4.4848484848,33,0,0,0,0,0,
828,113490,113370,0,2.1239669421,121,0,1,1,0,0.0832206333,
829,114180,114076,0,2.4380952381,105,0.6761904762,0,1,0,0.17511525,
830,123560,123520,0,7.512195122,41,0,0,0,0,0,
831,133470,133290,0,3.5138121547,181,1,0,1,0,-0.1714670909,
832,134574,134279,0,2.9493243243,296,0,1,1,0,0.039095125,
833,135584,135525,0,5.55,60,0,1,0,0,0,
834,137740,137557,0,2.7554347826,184,1,0,0,0,-0.0721543,
835,138030,137957,0,6,74,0.7702702703,0,0,0,-0.040903,
836,139170,139150,0,5.1428571429,21,0,1,0,0,0,
837,140113,139909,0,2.2829268293,205,0,1,1,1,0.52743625,
838,141700,141615,0,3.4302325581,86,0,1,1,0,0.19785,
839,148000,147580,0,2.5225653207,421,0,0.9976247031,0,0,-0.0838928733,
840,149072,148896,0,9.6723163842,177,0,1,1,0,-0.242956862,
841,153510,153305,0,5.6699029126,206,0,1,1,0,0.1125816923,
842,153910,153730,0,3.5027624309,181,0,1,1,0,0.1317843,
843,159679,159587,0,10.4838709677,93,0,0,1,1,-0.66965,
844,164510,164250,0,4.3256704981,261,0,1,1,0,-0.0150385412,
845,164910,164710,0,2.7661691542,201,0,1,0,0,-0.005720895,
846,168490,168287,0,2.7941176471,204,0,1,1,0,0.0625378333,
847,170020,169370,0,3.8387096774,651,0,1,1,0,0.0305303265,
848,171610,171535,0,2.4078947368,76,0,1,1,1,0.705863,
849,172170,172050,0,2.0743801653,121,0,1,1,0,0.3066151667,
850,173090,172930,0,5.0807453416,161,0.8819875776,0,0,0,0.07696125,
851,180190,180000,0,2.9371727749,191,0.1832460733,0,1,0,-0.2884009,
852,182000,181727,0,5.2627737226,274,0,1,1,0,0.2628070111,
853,182204,182038,0,2.9161676647,167,0,1,1,0,-0.273189,
854,183481,183290,0,3.4635416667,192,0,0,1,0,0.0194531455,
855,187070,186842,0,4.615720524,229,0,1,0,0,0.0580100714,
856,191470,191345,0,4.0476190476,126,0,1,0,0,-0.0456357,
857,208930,208780,0,2.1986754967,151,0,0.8874172185,1,0,-0.008861125,
858,209790,209690,0,2.3762376238,101,0,1,0,0,0.07759025,
859,210783,210720,0,3.640625,64,0,1,0,0,0,
860,211800,211720,0,7.5185185185,81,0,1,1,0,0.105475,
861,213681,213470,0,3.6273584906,212,0,1,1,0,-0.0407743846,
862,219209,218981,0,13.327510917,229,0,0.6200873362,1,0,0.0279727857,
863,222050,221830,0,7.7013574661,221,0,1,1,0,-0.1259162308,
864,225000,224920,0,2.987654321,81,0,1,1,0,-0.2683315,
865,225811,225670,0,5.3450704225,142,0,1,1,0,-0.2410040286,
866,231853,231770,0,2.1785714286,84,0,0,1,0,-0.208547,
867,236204,236110,0,2.0315789474,95,0,1,1,0,0.1480266667,
868,236890,236776,0,2.6782608696,115,0,1,0,0,-0.2293294,
869,243631,243549,0,5.1325301205,83,0,1,1,0,0.0648575,
870,245321,245009,0,2.6837060703,313,0,1,1,0,-0.077051619,
871,247771,246975,0,10.9184441656,797,0,0.165621079,1,0,0.2238161758,
872,249261,249118,0,5.0069444444,144,0,1,0,0,-0.0475567286,
873,250270,250250,0,25.7619047619,21,0,1,0,0,0,
874,251420,251250,0,8.1929824561,171,0,1,0,0,-0.02262368,
875,260450,260337,0,3.6052631579,114,0,1,1,0,0.26693,
876,260790,260700,0,6.6593406593,91,0,1,0,0,-0.046707,
877,266220,266130,0,3.4615384615,91,0,1,0,0,0.1452016667,
878,267170,266940,0,2.367965368,231,0,1,0,0,0.0635813357,
879,280650,280510,0,5.3404255319,141,0.8085106383,0,1,0,-0.1547095714,
880,281100,281030,0,2.338028169,71,0,1,1,0,0.23513,
881,284670,284541,0,6.1384615385,130,0,1,1,0,0.0176083333,
882,287563,287480,0,2.6666666667,84,0,1,1,0,0.32627,
883,288154,287880,0,5.0327272727,275,0,0.9454545455,1,1,-0.4742903444,
884,292313,292166,0,5.6756756757,148,0,1,1,0,0.1805627143,
885,293020,292682,0,4.3333333333,339,0,1,1,0,0.1291992739,
886,295090,295067,0,22.5,24,0,1,0,0,0,
887,302832,302485,0,3.3879310345,348,0,0.0488505747,1,0,-0.0622485917,
888,303182,302990,0,4.2901554404,193,0,1,1,0,0.099403,
889,315700,315260,0,2.3537414966,441,0,1,1,0,0.151314371,
890,326570,326460,0,3.8558558559,111,0,1,1,0,0.225675,
891,327770,327130,0,4.7394695788,641,0,0.9734789392,1,0,-0.0578679542,
892,328935,327819,0,5.890778872,1117,0,1,1,0,-0.0497939761,
893,329700,329600,0,5.9108910891,101,0,1,0,0,0.1163333333,
894,336205,336051,0,8.1741935484,155,0,1,0,0,0.15687825,
895,336593,336490,0,4.3269230769,104,0,1,0,0,0.032319,
896,343963,343846,0,5.813559322,118,0,1,1,0,-0.1684904,
897,345690,345520,0,5.0409356725,171,0,1,1,0,-0.01906258,
898,349708,349465,0,34.2049180328,244,0,0,1,0,0.1029353333,
899,352050,351588,0,2.6781857451,463,0.7840172786,0.0971922246,1,0,-0.0404442618,
900,356450,356290,0,4.6894409938,161,0,1,1,0,-0.2566257625,
901,357460,357018,0,13.3837471783,443,0,0.9232505643,1,0,0.0207701531,
902,359350,358990,0,2.1745152355,361,0,1,1,0,-0.05134652,
903,362110,361790,0,2.2024922118,321,0,0.0716510903,0,0,-0.0587704682,
904,366341,364890,0,7.4772727273,1452,0,0.9924242424,1,0,-0.1109961724,
905,372964,372880,0,3.2352941176,85,0,1,0,0,0.070135,
906,379260,379188,0,7.0547945205,73,0,1,1,0,0.445547,
907,379504,379358,0,3.8027210884,147,0,1,0,0,-0.0533658571,
908,380070,379869,0,3.9405940594,202,0,1,0,0,-0.0356406667,
909,382191,382133,0,7.2881355932,59,0,1,0,0,0,
910,389121,388999,0,2.5447154472,123,0,1,0,0,0.035691,
911,390380,390000,0,2.0419947507,381,0,1,0,0,-0.0357838148,
912,390991,390570,0,2.7867298578,422,0,1,1,0,0.0004343968,
913,393173,392950,0,3.7232142857,224,0,1,1,0,0.0019567846,
914,404460,404369,0,3.3695652174,92,0,1,1,0,0.1670156667,
915,406300,406165,0,8.625,136,0,0,0,0,-0.0328488333,
916,406824,406782,0,15.2325581395,43,0,1,0,0,0,
917,412314,412225,0,6.8888888889,90,0,1,0,0,0.1022850667,
918,413305,412572,0,20.2697547684,734,0,1,1,0,0.4924476607,
919,413940,413836,0,7.3523809524,105,0,1,1,0,-0.19995625,
920,419330,419268,0,5.5238095238,63,0,0,0,0,0,
921,420250,419990,0,3.2567049808,261,0,1,0,0,-0.0409901176,
922,420470,420330,0,3.829787234,141,0,1,0,0,-0.1092751043,
923,423607,423279,0,8.1519756839,329,0,0.1306990881,1,1,-0.3971350174,
924,425150,424985,0,11.5481927711,166,0,1,1,0,0.298318,
925,428102,427779,0,2.8796296296,324,0,1,1,0,-0.2473468182,
926,431419,431035,0,7.2233766234,385,0,0.7688311688,1,0,-0.2000824036,
927,431970,431607,0,5.9230769231,364,0,1,1,0,-0.1124166423,
928,442140,441954,0,54.0320855615,187,0,1,1,0,-0.0189686091,
929,443234,443008,0,10.4052863436,227,0.0792951542,1,1,0,0.1032586429,
930,445466,445367,0,25.11,100,0,0.38,1,1,0.5649526667,
931,453920,453550,0,7.9110512129,371,0,1,1,0,0.0544932154,
932,458280,458113,0,4.2023809524,168,0,1,1,0,0.2564872222,
933,464110,464030,0,4.024691358,81,0,1,0,0,0.2820815,
934,464665,464628,0,12.9473684211,38,0,1,0,0,0,
935,466260,465947,0,2.9904458599,314,0,1,1,0,-0.2146950952,
936,478774,478660,0,3.6782608696,115,0,1,1,0,0.0387718,
937,479462,479290,0,4.4913294798,173,0,1,1,1,0.6714123333,
938,482440,482225,0,4.4953703704,216,0,1,1,0,0.1788623385,
939,486370,486157,0,4.0327102804,214,0,1,0,0,-0.0268604315,
940,493632,493455,0,6.9382022472,178,0,1,1,0,-0.1631624,
941,506030,505600,0,3.7749419954,431,0,1,1,0,0.0449453065,
942,507910,507640,0,4.4391143911,271,0,0,1,1,-0.3557366333,
943,510890,510800,0,2.6923076923,91,0,1,0,0,0.008305,
944,519743,519529,0,5.0930232558,215,0,0.4697674419,1,0,0.1016931538,
945,521460,521260,0,5.736318408,201,0,1,0,0,0.0561096333,
946,525942,525910,0,5,33,0,1,0,0,0,
947,529633,529396,0,7.1932773109,238,0,1,1,0,-0.1416664,
948,533420,532840,0,2.4457831325,581,0,0.4423407917,0,0,0.0768279545,
949,535090,534770,0,2.3146417445,321,0,1,0,0,-0.1751478636,
950,538030,537786,0,3.1387755102,245,0,0,0,0,-0.0071361,
951,542300,542230,0,5.3661971831,71,0,1,1,0,-0.08698,
952,557130,557000,0,109.4580152672,131,0,0,1,0,0.136905,
953,559001,558885,0,9.3418803419,117,0,1,1,0,-0.03780175,
954,560290,560195,0,4.0104166667,96,0,1,1,0,0.195471,
955,564520,564445,0,2.8421052632,76,0,1,1,0,-0.06399,
956,568340,568000,0,2.3841642229,341,0.8211143695,0,1,0,-0.2435010542,
957,573843,573759,0,10.6588235294,85,0,0.1058823529,1,0,0.11371,
958,573972,573890,0,7.0722891566,83,0,1,1,0,0.369905,
959,583820,583799,0,6.9090909091,22,0,1,0,0,0,
960,584214,584130,0,3.9058823529,85,0,1,1,1,-0.404863,
961,585853,585427,0,18.2552693208,427,0,0.4051522248,1,0,0.2795933871,
962,587310,587190,0,4.9256198347,121,0,1,1,0,0.1207058333,
963,594230,593625,0,2.5561056106,606,0.8580858086,0.1419141914,1,0,-0.1487096244,
964,596116,596040,0,4.961038961,77,0,1,1,0,0.04721,
965,596620,596538,0,2.6265060241,83,0,1,0,1,-0.379055,
966,597170,597120,0,2.7647058824,51,0,1,0,0,0,
967,598360,598256,0,3.2285714286,105,0,1,0,0,0.0449513333,
968,599134,598650,0,3.7319587629,485,0,1,0,0,-0.0274455139,
969,606192,605917,0,30.8224637681,276,0,1,1,0,0.1240461667,
970,606584,606540,0,3.7333333333,45,0,1,0,0,0,
971,607080,607019,0,2.9032258065,62,0,1,0,0,0,
972,613080,612690,0,4.8644501279,391,0,1,1,0,-0.0443201857,
973,613451,613280,0,4.0406976744,172,0,1,1,0,0.0775027778,
974,613940,613820,0,2.5537190083,121,0,0.8760330579,0,0,0.06811162,
975,615130,614840,0,3.1855670103,291,0,1,0,0,0.0560768779,
976,616092,615890,0,2.4039408867,203,0,1,1,0,-0.2052779167,
977,618780,618710,0,2.5211267606,71,0,1,1,1,-0.540758,
978,620901,620755,0,2.231292517,147,0,1,1,0,-0.070346975,
979,632542,632490,0,4.4339622642,53,0,1,0,0,0,
980,637000,636910,0,2.8571428571,91,0,1,1,0,0.16264,
981,638990,638680,0,3.9067524116,311,0,1,1,0,0.0299045762,
982,640440,640360,0,2.0740740741,81,0,1,1,0,0.435695,
983,642034,641940,0,5.3684210526,95,0,1,1,0,0.0023983333,
984,645220,644917,0,11.3881578947,304,0,1,1,0,-0.24261045,
985,646470,646440,0,4.5161290323,31,0,1,0,0,0,
986,658680,658477,0,4.5931372549,204,0,1,0,0,0.0322015833,
987,659334,659250,0,3.7058823529,85,0,0,0,0,-0.0722913333,
988,659900,659380,0,3.650671785,521,0,0,0,0,0.0733693231,
989,667082,667060,0,25.6956521739,23,0,1,0,0,0,
990,670050,669768,0,5.2014134276,283,0,1,1,0,0.1305771368,
991,673620,672857,0,5.5379581152,764,0,0.8193717277,1,0,0.1806115932,
992,675000,674456,0,3.4844036697,545,0,1,1,0,0.02517814,
993,677270,676875,0,4.0101010101,396,0,1,0,0,0.0059414286,
994,681260,681040,0,2.4660633484,221,0,1,0,0,-0.0039778571,
995,683060,682958,0,3.5339805825,103,0,1,1,0,0.2154466875,
996,686212,686158,0,5.4909090909,55,0.5090909091,0,0,0,0,
997,687093,686719,0,2.08,375,0.9653333333,0,0,0,0.0025357407,
998,690904,690810,0,113.8315789474,95,0,0,1,1,-0.9083166667,
999,694950,694813,0,4.6739130435,138,0,1,0,0,0.0582039857,
1000,699840,699663,0,6.3426966292,178,0,1,1,0,-0.00268597,
1001,703390,703350,0,3.3902439024,41,0,1,0,0,0,
1002,709990,709693,0,9.7416107383,298,0,0.567114094,1,0,-0.073912785,
1003,711150,711057,0,2.2872340426,94,0,1,1,0,0.3355726667,
1004,714180,714146,0,5.7714285714,35,1,0,0,0,0,
1005,718660,718599,0,3237.0161290323,62,0,0,0,0,0,
1006,719660,719513,0,7.7027027027,148,0,0,1,0,0.330140375,
1007,720890,720580,0,2,311,0,0,1,0,0.0165459048,
1008,723115,722770,0,9.8208092486,346,0,0,0,0,0.0350299458,
1009,723310,723248,0,59.7142857143,63,0,1,0,0,0,
1010,724780,724656,0,3.536,125,0,1,1,0,-0.1238466,
1011,725381,725227,0,11.2193548387,155,0,0,1,0,0.251636875,
1012,727430,727290,0,2.5106382979,141,0,0,1,0,-0.1868495714,
1013,729282,729250,0,3.303030303,33,0,1,0,0,0,
1014,729890,729755,0,4.5073529412,136,0,1,1,0,0.080262,
1015,730270,730000,0,2.5461254613,271,0,1,1,0,-0.0876652056,
1016,732673,732506,0,3.4880952381,168,0,0.3511904762,0,0,-0.0616125556,
1017,733093,732920,0,5.8735632184,174,0,1,1,0,0.084828,
1018,736820,736193,0,38.4060509554,628,0,1,1,0,-0.0846905792,
1019,738140,738098,0,3.5813953488,43,0,1,0,0,0,
1020,738520,738476,0,3.6666666667,45,0,1,0,0,0,
1021,740780,740290,0,2.633401222,491,0,0.9959266802,0,0,0.0021865111,
1022,741960,741770,0,3.3560209424,191,0,1,0,0,0.1136461364,
1023,742124,742076,0,10.8571428571,49,0,1,0,0,0,
1024,743050,742899,0,2.4473684211,152,0,1,1,0,-0.2515520375,
1025,748654,748420,0,12.9957446809,235,0,0,0,0,0.0669507067,
1026,749840,749589,0,4.5317460317,252,0,0,1,1,-0.3072741875,
1027,752405,752030,0,8.295212766,376,0,0.9707446809,1,0,-0.0958771538,
1028,752530,752490,0,4.2195121951,41,0,1,0,0,0,
1029,754746,754536,0,5.6777251185,211,0,0.2085308057,1,0,-0.2488639231,
1030,758560,757974,0,4836.2964224872,587,0,0.6030664395,1,0,0.0773082227,
1031,759330,759155,0,4.7272727273,176,0,0,1,0,-0.19329391,
1032,760145,759972,0,13.6666666667,174,0,0,1,0,-0.1850763333,
1033,760760,760720,0,5.6585365854,41,0,1,0,0,0,
1034,770040,769980,0,2.3770491803,61,0,0.9672131148,0,0,0,
1035,770980,770670,0,2.1093247588,311,0,1,1,0,0.1763515714,
1036,779422,779270,0,3.3006535948,153,0,0.3464052288,1,0,-0.1603448875,
1037,782060,781770,0,2.735395189,291,0,0,0,0,-0.0318992,
1038,783884,783370,0,4.5223300971,515,0,1,1,0,-0.1149819868,
1039,791050,790670,0,2.0157480315,381,0.9921259843,0,1,0,-0.2593803333,
1040,791840,791465,0,4.164893617,376,0,0.6968085106,1,0,0.0520739222,
1041,798792,798256,0,5.6052141527,537,0,1,1,0,0.1610628435,
1042,806451,806420,0,4.90625,32,0,1,0,0,0,
1043,806973,806770,0,2.9901960784,204,0,0.7941176471,1,0,0.1346263333,
1044,807580,807469,0,7.1875,112,0,1,1,0,0.20706925,
1045,808580,808380,0,4.8805970149,201,0,1,1,0,0.1102890833,
1046,809364,809330,0,3.5714285714,35,0,1,0,0,0,
1047,809921,809840,0,3,82,0,1,1,0,-0.00888,
1048,815702,815510,0,3.7150259067,193,0,1,1,0,0.2500214818,
1049,818650,818614,0,4.6486486486,37,0,1,0,0,0,
1050,819224,819174,0,4.1176470588,51,0,1,0,0,0,
1051,823490,823350,0,2.1843971631,141,0,1,1,0,0.175604,
1052,826794,826750,0,3.9777777778,45,0,0,0,0,0,
1053,828510,827996,0,4.0155339806,515,0,0.586407767,1,0,0.0933378316,
1054,829560,829538,0,16.347826087,23,0,0,0,0,0,
1055,830531,830423,0,8.3944954128,109,0,1,1,0,-0.144373,
1056,840170,840076,0,1147.0315789474,95,0,0,1,1,1.8177966667,
1057,849312,849196,0,2.7777777778,117,0,1,0,0,-0.0801112,
1058,850174,850110,0,6.1230769231,65,0,1,1,1,-0.3923,
1059,850790,850540,0,15.8047808765,251,0,1,1,0,0.12118975,
1060,851830,851610,0,3.7330316742,221,0,1,0,0,-0.1429571214,
1061,852203,852107,0,3,97,0,1,1,0,-0.0961246667,
1062,854234,854012,0,5.8834080717,223,0,1,1,0,-0.2085292308,
1063,856932,856787,0,9.2260273973,146,0,1,1,0,0.1726941429,
1064,860120,860093,0,8.6071428571,28,0,1,0,0,0,
1065,865676,865490,0,7.2620320856,187,0,0.8877005348,1,0,-0.0578258182,
1066,867112,866860,0,2.4110671937,253,0,1,0,0,-0.012313125,
1067,868080,867800,0,7.2775800712,281,0,1,0,0,-0.0032641056,
1068,869491,869440,0,6.2692307692,52,0,1,0,0,0,
1069,870471,870350,0,2.0573770492,122,0,1,0,0,0.02891782,
1070,872970,872757,0,10.4065420561,214,0,0,1,0,-0.0899731154,
1071,878260,878020,0,4.5394190871,241,0,1,1,0,0.0225063333,
1072,882943,882900,0,3.2954545455,44,0,1,0,0,0,
1073,883610,883386,0,4.64,225,0,1,1,0,0.1762685,
1074,885520,885218,0,4.9141914191,303,0,1,1,0,-0.0437202885,
1075,888075,887760,0,3.3512658228,316,0,1,1,0,0.0885924429,
1076,897404,897249,0,6.1474358974,156,0,1,1,0,0.245083475,
1077,897710,897568,0,5.7552447552,143,0,1,0,0,-0.1995848571,
1078,897880,897830,0,4.9215686275,51,0,1,0,0,0,
1079,898760,898560,0,2.3830845771,201,0,1,1,0,0.2159695917,
1080,901737,901300,0,4.9748858447,438,0,0.3059360731,1,0,0.198724825,
1081,904400,904288,0,9.4955752212,113,0,0.389380531,1,0,0.3594688,
1082,906633,906535,0,4.6161616162,99,1,0,1,0,0.203385,
1083,916900,916178,0,8.1009681881,723,0,1,1,0,-0.0532867818,
1084,917691,917613,0,12.1012658228,79,0,1,1,0,0.174387,
1085,918372,918190,0,3.306010929,183,0,1,0,0,-0.05573085,
1086,920850,920435,0,2.2115384615,416,0,1,0,0,0.0510991,
1087,921374,921200,0,2.5314285714,175,0.5085714286,0.48,0,0,0.1167474444,
1088,934810,934320,0,2.1283095723,491,0,1,1,0,-0.2012918139,
1089,935390,935189,0,3.9158415842,202,0,1,1,0,-0.1135894167,
1090,936671,935820,0,9.0046948357,852,0,1,0,0,-0.0653352212,
1091,944550,944500,0,3.6666666667,51,0,0.8823529412,0,0,0,
1092,945015,944900,0,2.1551724138,116,0,1,1,0,0.12973725,
1093,950493,950340,0,4.1168831169,154,0,1,0,0,-0.020077875,
1094,952806,952533,0,6.2773722628,274,0.0510948905,0.7591240876,1,0,-0.1149467222,
1095,955250,954920,0,2.081570997,331,0,1,0,0,0.0556725818,
1096,964360,964255,0,5.0283018868,106,0,1,1,0,-0.1271108825,
1097,968650,968480,0,2.4561403509,171,0,1,0,0,-0.053949,
1098,975030,974840,0,3.1780104712,191,0,1,0,0,-0.2081792727,
1099,982164,982100,0,3.3384615385,65,0.6923076923,0,0,0,0,
1100,984954,984904,0,8.4509803922,51,0,0,0,0,0,
1101,986321,986190,0,5.4696969697,132,0,0.3181818182,1,0,0.167295,
1102,994243,993128,0,5.0609318996,1116,0,1,1,0,-0.0314591886,
1103,1000858,1000000,0,2.4726426077,859,0,1,0,0,0.0170413731,
1104,1005180,1004700,0,8.8336798337,481,0,1,1,0,-0.0444664046,
1105,1008140,1008085,0,5.7142857143,56,0.0357142857,0,0,0,0,
1106,1009900,1009500,0,9.0199501247,401,1,0,1,0,-0.1120868964,
1107,1024900,1024800,0,7.7821782178,101,0,0,0,0,-0.110483,
1108,1025024,1024968,0,3.4210526316,57,0,0,0,0,0,
1109,1033148,1033084,0,3.8769230769,65,0,1,1,0,-0.055212,
1110,1036900,1036300,0,5.5890183028,601,0,0,1,0,-0.0638608933,
1111,1039802,1039465,0,4.2307692308,338,0,0.5295857988,1,0,0.1565742174,
1112,1044500,1044389,0,5.5089285714,112,0,1,1,0,-0.25523132,
1113,1047100,1046972,0,2.2790697674,129,0,1,1,0,0.02164814,
1114,1049400,1049300,0,3.1782178218,101,0,1,1,1,0.508381,
1115,1051919,1051667,0,5.3794466403,253,0,1,1,0,-0.0909099688,
1116,1055334,1055200,0,3.6666666667,135,0,0.7555555556,1,0,0.3609218571,
1117,1059800,1059287,0,4.5544747082,514,0,0.7957198444,1,0,0.2037129342,
1118,1060200,1059966,0,4.0978723404,235,0,0,1,0,0.1097703333,
1119,1061812,1061400,0,4.7409200969,413,0,1,1,0,-0.0625123197,
1120,1062400,1062083,0,3.4213836478,318,0,1,0,0,0.0468659286,
1121,1063900,1063600,0,2.3621262458,301,0,0.2292358804,0,0,-0.069104655,
1122,1065400,1065189,0,4.0283018868,212,0,1,1,0,-0.22517475,
1123,1066700,1066567,0,4.2462686567,134,0,1,1,0,-0.0639954286,
1124,1069912,1069700,0,2.2910798122,213,0,0.8685446009,1,0,0.0690399167,
1125,1076335,1076074,0,3.7290076336,262,0,1,1,0,0.3505838235,
1126,1077327,1077061,0,4.4981273408,267,0,1,1,0,0.1008945294,
1127,1078702,1078600,0,4.3398058252,103,0,0,0,0,0.2285998,
1128,1079600,1078796,0,3.7776397516,805,0,0.2198757764,1,0,0.118297679,
1129,1080900,1080200,0,3.5064194009,701,0,0.8987161198,1,0,0.0748882962,
1130,1085009,1084955,0,3.7272727273,55,0,0,0,0,0,
1131,1087600,1087500,0,2.0198019802,101,0,1,0,0,0.1092566667,
1132,1088809,1088760,0,2.54,50,0,1,0,0,0,
1133,1091200,1090900,0,2.950166113,301,0,1,0,0,-0.080763865,
1134,1094522,1094100,0,4.6122931442,423,0,0,1,1,-0.375878815,
1135,1097100,1096497,0,8.8956953642,604,0,1,1,0,-0.0492226667,
1136,1099523,1099477,0,6.6808510638,47,1,0,0,0,0,
1137,1100400,1100050,0,5.0598290598,351,0,1,1,0,0.0901928125,
1138,1102100,1101985,0,2.3793103448,116,0,0.9224137931,0,0,0.1846301,
1139,1104200,1103576,0,4.5264,625,0,1,1,0,-0.0010584787,
1140,1120329,1119999,0,3.9456193353,331,0.0211480363,1,0,0,-0.0242809565,
1141,1125300,1125171,0,2.4076923077,130,0,0,1,0,-0.0778221667,
1142,1133400,1133100,0,7.6013289037,301,0,1,1,0,0.2592911,
1143,1134313,1134200,0,3.5,114,0,0.2894736842,1,1,-0.43750015,
1144,1135600,1134900,0,2.0427960057,701,0.7660485021,0.6619115549,1,0,-0.1238746881,
1145,1137635,1137100,0,700.8768656716,536,0.3638059701,0,0,0,-0.068351715,
1146,1142300,1141967,0,3.0179640719,334,0,1,1,0,0.0018690957,
1147,1147100,1146880,0,2.1764705882,221,0,0.185520362,1,1,0.522607,
1148,1148800,1148463,0,5.073964497,338,0,0.8875739645,1,0,0.2223529565,
1149,1149600,1149400,0,2.2736318408,201,0,0.9900497512,0,0,-0.1242075,
1150,1156736,1156398,0,3.7345132743,339,0,0,1,0,0.29203525,
1151,1157000,1156793,0,3.3028846154,208,0,0,1,0,0.4350129846,
1152,1164912,1164800,0,2.7256637168,113,1,0,0,0,0.09656925,
1153,1169516,1169300,0,2.1290322581,217,0,1,0,0,-0.0135275308,
1154,1170700,1170399,0,1421.7052980133,302,0,0.7847682119,0,0,-0.0107009,
1155,1173200,1172377,0,3.8106796117,824,0,0.6152912621,1,0,0.0120895178,
1156,1173700,1173400,0,2.4451827243,301,0,1,1,0,-0.219467815,
1157,1183319,1182764,0,13.7284172662,556,0,0.9064748201,1,0,0.2612881561,
1158,1184300,1183986,0,8.3968253968,315,0,1,0,0,0.0388457318,
1159,1185600,1185494,0,2.046728972,107,0,1,0,0,-0.08729775,
1160,1188011,1187745,0,10.0411985019,267,0,1,1,1,-0.3421612941,
1161,1188800,1188600,0,5.4726368159,201,0,1,0,0,0.0693191833,
1162,1189229,1188900,0,2.4212121212,330,0,1,1,0,0.0281346682,
1163,1197300,1196495,0,3.0297766749,806,0,0.5719602978,1,0,0.326793271,
1164,1197700,1197600,0,2.0198019802,101,0,1,1,0,0.113583,
1165,1200300,1199891,0,15.7048780488,410,0,1,1,0,-0.2389124724,
1166,1204800,1204564,0,5.223628692,237,0.8565400844,0,1,0,-0.0880955333,
1167,1207709,1207598,0,5.0982142857,112,0,0,1,0,-0.17413725,
1168,1211721,1211600,0,3.6147540984,122,0,1,0,0,0.00828414,
1169,1212216,1212000,0,2.5069124424,217,0,1,0,0,0.0030366154,
1170,1213103,1212800,0,2.0032894737,304,0,1,1,0,-0.117505907,
1171,1215515,1215400,0,2.2413793103,116,0,1,0,0,-0.1899916,
1172,1222800,1222463,0,2.9230769231,338,0,0.5384615385,0,0,-0.0673052174,
1173,1224300,1223852,0,14.5077951002,449,0,0.9888641425,1,0,-0.05724775,
1174,1243407,1243255,0,3.5359477124,153,0,1,1,0,-0.0802160125,
1175,1247446,1247300,0,5.7414965986,147,0,1,0,0,0.0300951429,
1176,1255110,1255060,0,4.9803921569,51,0,1,0,0,0,
1177,1265824,1265700,0,16.296,125,0,1,0,0,-0.05747516,
1178,1267022,1266868,0,4.2709677419,155,0,1,1,0,-0.097961625,
1179,1268203,1268120,0,11.2857142857,84,0,0,0,0,-0.0607765,
1180,1268600,1268250,0,4.5811965812,351,0,0.7663817664,1,0,-0.0151233548,
1181,1269820,1269783,0,4.4736842105,38,0,0,0,0,0,
1182,1270100,1269900,0,3.1492537313,201,0,0.5223880597,0,0,0.03393625,
1183,1273500,1273169,0,5.8042168675,332,0,0,1,0,0.1376949565,
1184,1274700,1274595,0,4.1886792453,106,0,1,1,0,0.01385,
1185,1276200,1275700,0,2.371257485,501,0,1,1,0,0.1165242595,
1186,1278600,1278400,0,2.4427860697,201,1,0,0,0,0.0405660833,
1187,1279030,1278877,0,2.512987013,154,0.9025974026,0,0,0,-0.05096175,
1188,1288200,1288000,0,2.6169154229,201,0,1,0,0,-0.0941026667,
1189,1294117,1293922,0,6.0969387755,196,0,1,1,0,-0.2487885455,
1190,1294900,1294376,0,3.2571428571,525,0,1,1,0,0.1398145026,
1191,1297109,1296975,0,8.3481481481,135,0,0,1,0,-0.1811283333,
1192,1298500,1298085,0,5.2283653846,416,0,0,1,0,0.2220175517,
1193,1309800,1309600,0,2.5771144279,201,0,1,1,0,-0.172946,
1194,1310526,1310400,0,4.5433070866,127,0,1,1,0,-0.1965891667,
1195,1311700,1311598,0,70.3495145631,103,0,0,1,1,1.29236,
1196,1313208,1312887,0,22.5310559006,322,0,1,1,0,0.1201023182,
1197,1313907,1313500,0,2.0318627451,408,0,0.8946078431,0,0,-0.0340301483,
1198,1319100,1318896,0,6.4536585366,205,0,1,1,0,0.04601225,
1199,1322503,1322399,0,3.0761904762,105,0,0,0,0,-0.09708,
1200,1324100,1324000,0,2.4059405941,101,0,1,1,0,0.04225925,
1201,1325600,1325000,0,2.8269550749,601,0,0.9118136439,1,0,-0.1339347333,
1202,1336400,1336176,0,3.2088888889,225,0,1,0,0,-0.0724702786,
1203,1337814,1336757,0,3.9017013233,1058,0,0.9735349716,1,0,-0.0465811119,
1204,1347114,1346800,0,3.5396825397,315,1,0,1,0,0.0906768636,
1205,1356800,1356700,0,2.7920792079,101,0,1,0,0,-0.1494775,
1206,1362300,1362095,0,3.3834951456,206,0,1,1,0,-0.1714766667,
1207,1363200,1362997,0,4.8921568627,204,0,1,1,0,-0.1180949167,
1208,1366600,1366281,0,3.16875,320,0,0,0,0,0.072983281,
1209,1367142,1366800,0,2.472303207,343,0,0.4489795918,1,0,0.2084473333,
1210,1370027,1369981,0,4.2765957447,47,0,0,0,0,0,
1211,1375000,1374900,0,2.4752475248,101,0,1,0,0,-0.0614553333,
1212,1376443,1375100,0,2.2686011905,1344,0,0.9918154762,1,0,-0.0259943813,
1213,1378000,1377800,0,3.4029850746,201,0,1,1,0,-0.2526321818,
1214,1379300,1378879,0,8.1563981043,422,0,1,1,0,-0.0750528387,
1215,1383400,1383293,0,2.5555555556,108,0,1,1,0,0.41195,
1216,1384610,1384569,0,3.619047619,42,0,1,0,0,0,
1217,1387600,1387300,0,2.2325581395,301,0,1,1,0,0.1554525,
1218,1402046,1401994,0,3.8113207547,53,0,1,0,0,0,
1219,1402800,1402697,0,3.7403846154,104,0,1,1,0,-0.17699475,
1220,1407200,1407100,0,2.702970297,101,0,0,1,0,0.0967091,
1221,1421236,1420000,0,297.9854486661,1237,0.9442198868,0.0040420372,0,0,0.0268207622,
1222,1423914,1423847,0,5.1617647059,68,0,1,1,0,0.03219,
1223,1424811,1424700,0,3.4196428571,112,0,1,0,0,-0.0789515,
1224,1426749,1426483,0,4.5767790262,267,0,0.6179775281,1,0,0.0233646111,
1225,1429717,1429500,0,5.1009174312,218,0,0.9724770642,1,0,-0.1364439308,
1226,1433510,1433462,0,4.6326530612,49,0,1,0,0,0,
1227,1441608,1441400,0,2.3062200957,209,1,0,1,0,0.2325425,
1228,1442500,1442400,0,2.1782178218,101,0,0.198019802,1,0,0.3151446667,
1229,1443800,1443464,0,9.6053412463,337,0,0.8160237389,1,0,0.1883820348,
1230,1445200,1444995,0,2.9077669903,206,0,1,1,0,-0.0201634417,
1231,1454100,1453955,0,4.7602739726,146,0,1,1,0,0.3145432857,
1232,1459600,1459200,0,2.1945137157,401,0,1,0,0,0.0689974204,
1233,1465307,1465100,0,4.2740384615,208,0,1,1,0,-0.0146318,
1234,1473800,1473700,0,5.099009901,101,0,1,1,0,-0.0369025,
1235,1475112,1474692,0,2.9287410926,421,0,1,0,0,-0.0315576667,
1236,1476500,1476176,0,2.7907692308,325,0,1,0,0,-0.0245818636,
1237,1477116,1476998,0,10.0840336134,119,0,1,0,0,0.020512,
1238,1477500,1477373,0,10.9921875,128,0,1,0,0,-0.0155698333,
1239,1478500,1478094,0,3.2088452088,407,0,1,1,0,0.0731308379,
1240,1479850,1478900,0,3.9232386961,951,0,0.8717139853,1,0,0.1311262486,
1241,1482400,1482300,0,2,101,0,1,1,0,0.3837033333,
1242,1484519,1484381,0,85.8129496403,139,0,0,1,1,1.045168,
1243,1487504,1487349,0,5.1666666667,156,0,1,1,0,-0.076227,
1244,1487700,1487550,0,3.5629139073,151,0,1,1,0,0.030636875,
1245,1496500,1496300,0,8.3930348259,201,0,0,0,0,0.1095729455,
1246,1497300,1497074,0,2.9251101322,227,0,0.6563876652,0,0,-0.0318377857,
1247,1498118,1498070,0,4.5714285714,49,0,1,0,0,0,
1248,1498675,1498500,0,147.2443181818,176,0,0.7102272727,1,0,0.09345001,
1249,1501100,1500795,0,6.5882352941,306,0,1,1,0,0.2973414762,
1250,1502002,1501900,0,3.7669902913,103,0,1,0,0,0.072835,
1251,1504200,1503900,0,2.6245847176,301,0,1,0,0,0.13151173,
1252,1509204,1508177,0,6.5009727626,1028,0,1,1,0,-0.2687421259,
1253,1515100,1514500,0,2.2113144759,601,1,0,1,1,-1.1809042444,
1254,1517202,1515374,0,11.1678512849,1829,0,0.9294696555,1,0,0.0259365845,
1255,1519833,1519700,0,3.9925373134,134,0,1,1,0,0.2035026667,
1256,1521300,1520497,0,3.1430348259,804,0,1,1,0,0.0599244032,
1257,1527200,1527080,0,67.3388429752,121,0,0,1,1,-0.4183982,
1258,1533000,1532700,0,13.7475083056,301,0,1,1,0,0.3791510805,
1259,1534300,1533253,0,4.1583969466,1048,0,0.9427480916,0,0,-0.021963869,
1260,1539100,1538900,0,4.3084577114,201,0,0,1,0,-0.2733580909,
1261,1541430,1541300,0,5.1603053435,131,0,0,1,0,-0.2410931667,
1262,1542417,1542300,0,2.2966101695,118,0,0,0,0,-0.0544126,
1263,1543000,1542571,0,8.5488372093,430,0,0,1,0,-0.1728249645,
1264,1553600,1552885,0,3.0544692737,716,0,0.282122905,0,0,-0.0582907727,
1265,1554113,1553862,0,4.7063492063,252,0,0,1,0,-0.085908875,
1266,1556807,1556569,0,3.5648535565,239,0,0,1,1,0.5927615333,
1267,1564311,1564200,0,4.5803571429,112,0,1,0,0,0.0557045,
1268,1564700,1564500,0,3.2139303483,201,0,1,1,0,0.1511569167,
1269,1565336,1565051,0,8.3006993007,286,0,1,0,0,0.1426357053,
1270,1569100,1568788,0,13.1150159744,313,0,1,1,0,0.232348619,
1271,1569834,1569591,0,5.4549180328,244,0,1,1,0,-0.1277398875,
1272,1572500,1572359,0,33.161971831,142,0,0.323943662,1,0,-0.0084718571,
1273,1573900,1573400,0,22.9860279441,501,0,1,1,0,-0.1167084222,
1274,1575600,1575298,0,5.7062706271,303,0,1,1,0,-0.075305685,
1275,1578000,1577700,0,3.4119601329,301,0,1,1,0,-0.252439795,
1276,1579500,1579300,0,3.9253731343,201,0,1,0,0,0.0900235,
1277,1583600,1583363,0,3.5378151261,238,0,1,1,0,0.057936,
1278,1585300,1585000,0,3.8604651163,301,0,1,1,0,0.0421661,
1279,1585730,1585680,0,3.7450980392,51,0,1,0,0,0,
1280,1586107,1586000,0,2.3333333333,108,0,0.9907407407,1,0,0.34235875,
1281,1588023,1587900,0,3.4758064516,124,0,1,1,0,-0.0683378,
1282,1590300,1589989,0,4.141025641,312,0.0576923077,0.7820512821,1,0,-0.0505811333,
1283,1596900,1596800,0,2.4554455446,101,0,0,1,1,-0.745219,
1284,1598524,1598400,0,2.448,125,1,0,1,1,-2.173742,
1285,1604263,1603599,0,14.3744360902,665,0,0,1,0,-0.1699657812,
1286,1606233,1606100,0,4.3358208955,134,0,0.8955223881,1,0,-0.1355251667,
1287,1608434,1608156,0,2.9749103943,279,0,1,1,0,-0.1777966167,
1288,1610643,1610500,0,5.5277777778,144,0,1,0,0,0.0662583143,
1289,1612900,1612675,0,4.2477876106,226,0,1,1,0,0.1869660143,
1290,1614800,1614693,0,4.6574074074,108,0,0,1,0,0.39721125,
1291,1617607,1616800,0,4.1670792079,808,0,0.6571782178,1,0,0.0576563365,
1292,1621745,1621500,0,3.5772357724,246,0.0528455285,0,1,0,-0.1139584667,
1293,1622796,1622097,0,130.0214285714,700,0,0,1,0,-0.1134510725,
1294,1625340,1625099,0,4.020661157,242,0,1,1,1,0.5517234667,
1295,1630900,1629481,0,5.2161971831,1420,0,0.5704225352,1,0,0.1176488248,
1296,1634500,1634287,0,12.3831775701,214,0,1,1,0,0.1457834,
1297,1637500,1637300,0,5.144278607,201,0,0,1,0,-0.0056154545,
1298,1638103,1638000,0,2.9326923077,104,0,0,0,0,-0.031483,
1299,1638700,1638400,0,4.1727574751,301,0,0,0,0,0.0652068,
1300,1638900,1638800,0,2.0693069307,101,0,0,1,0,-0.0920866667,
1301,1640100,1639970,0,4.6335877863,131,0,0,0,0,-0.1978528333,
1302,1643313,1643064,0,3.848,250,0,0,1,0,-0.0924388125,
1303,1651300,1651098,0,5.2068965517,203,0,0.1724137931,1,1,-0.31074685,
1304,1652271,1651688,0,6.9863013699,584,0,1,1,0,0.1993178302,
1305,1659900,1659800,0,2.8316831683,101,0,1,1,0,-0.092503,
1306,1662706,1662600,0,2.7289719626,107,0,1,1,0,0.03678,
1307,1667702,1667600,0,8.1650485437,103,0,0,0,0,0.1437493333,
1308,1669207,1669078,0,7.2461538462,130,0,1,1,0,0.0777231667,
1309,1669900,1669700,0,6.5671641791,201,0,1,1,0,0.2640083,
1310,1670700,1670587,0,2.9298245614,114,0.6228070175,0.3596491228,1,0,0.0987616,
1311,1674600,1674400,0,2.5024875622,201,0,1,1,0,0.0829114167,
1312,1675505,1675489,0,2,17,0,1,0,0,0,
1313,1678836,1678500,0,5.7359050445,337,0,1,1,0,0.1960776739,
1314,1683800,1683168,0,5.448657188,633,0,0.8941548183,1,0,0.1836148521,
1315,1687200,1686900,0,3.0431893688,301,0,1,1,0,0.0479317,
1316,1692911,1692500,0,3.3665048544,412,0,1,1,0,0.1235410559,
1317,1697046,1696900,0,4.0544217687,147,0,0,1,1,-0.609924625,
1318,1698700,1698393,0,3.9220779221,308,0,1,1,0,-0.17898815,
1319,1701305,1700891,0,4.1879518072,415,0,0.0096385542,1,0,-0.2081955728,
1320,1706600,1705100,0,193.6742171885,1501,0.7055296469,0,1,1,-0.391089452,
1321,1707114,1706768,0,6.1527377522,347,0,1,0,0,-0.0067677708,
1322,1708600,1707800,0,3.9600499376,801,0,0.720349563,0,0,0.0003991239,
1323,1709200,1708789,0,8.2718446602,412,0,1,1,0,0.3276165759,
1324,1710410,1709974,0,7.2082379863,437,0,0.9931350114,1,0,0.3935137097,
1325,1711500,1711291,0,2.419047619,210,0,1,0,0,0.0837234615,
1326,1713330,1712200,0,4.1503094607,1131,0,1,0,0,0.0046815444,contains RNaseP
1327,1714623,1713700,0,9.7045454545,924,0,0.7857142857,1,0,-0.0323540917,
1328,1722000,1721900,0,2.4158415842,101,0,1,0,0,-0.15053,
1329,1723511,1723200,0,4.6826923077,312,0,1,1,0,0.4309560857,
1330,1728753,1728566,0,10.7340425532,188,0,1,1,0,0.2668406364,
1331,1729506,1729295,0,2.4386792453,212,0,1,1,0,0.0119876231,
1332,1735101,1734996,0,2.4622641509,106,0,1,0,0,0.03029025,
1333,1737729,1737200,0,3.8245283019,530,0,0.2962264151,0,0,0.0461578026,
1334,1741300,1741200,0,2.4158415842,101,0,1,1,0,0.185446,
1335,1742456,1742100,0,5.6918767507,357,0,0.081232493,1,0,0.04062676,
1336,1749242,1748969,0,10.8175182482,274,0,0.6678832117,1,0,0.40192645,
1337,1750443,1749587,0,6.1820303384,857,0,1,1,0,0.0603094879,
1338,1752400,1752299,0,3.0490196078,102,0,1,1,0,-0.0370266667,
1339,1754400,1754100,0,3.9136212625,301,0,0,1,0,0.233011955,
1340,1758016,1757900,0,4.5128205128,117,0,1,0,0,0.02477825,
1341,1759000,1758859,0,4.1267605634,142,1,0,1,0,-0.0984436857,
1342,1764700,1764599,0,2.8431372549,102,0.8823529412,0,0,0,-0.0097846667,
1343,1775600,1774200,0,3.0556745182,1401,0,0.9850107066,0,0,0.0604770741,
1344,1776826,1776685,0,3.1338028169,142,0,1,1,0,0.1679794286,
1345,1777325,1777200,0,3,126,0,1,0,0,0.0843507,
1346,1781200,1781082,0,2.1932773109,119,0,1,0,0,0.1073502,
1347,1792714,1792000,0,37.7300699301,715,0,0.5552447552,1,0,0.2621312727,
1348,1795400,1795300,0,3.2772277228,101,0,0,0,0,0.05112025,
1349,1797037,1796696,0,3.0350877193,342,0,0.985380117,1,0,0.1100383957,
1350,1801600,1801400,0,9.7661691542,201,0,1,1,0,0.1444066364,
1351,1809600,1809400,0,5.0547263682,201,0,1,1,0,0.1769699583,
1352,1813429,1813060,0,5.1432432432,370,0,1,1,0,0.1481817308,
1353,1814200,1814000,0,3.07960199,201,0,0.6666666667,1,0,-0.00891,
1354,1814500,1814295,0,2.2233009709,206,0,1,0,0,0.0452703333,
1355,1815657,1815272,0,5.6813471503,386,0,1,1,0,0.0940753889,
1356,1827728,1827500,0,4.9388646288,229,0,0.6375545852,1,0,0.086387,
1357,1829317,1829186,0,4.8257575758,132,0,1,0,0,0.0226986667,
1358,1831929,1831798,0,3.5757575758,132,0,0.8863636364,0,0,-0.1674776667,
1359,1841900,1841500,0,2.2568578554,401,0,1,1,0,-0.1363564828,
1360,1844000,1843900,0,2.4356435644,101,0,0,1,0,-0.22093475,
1361,1844317,1844200,0,2.0423728814,118,0,0,0,0,0.10015662,
1362,1846400,1845700,0,8.5877318117,701,0,0.9144079886,1,0,0.0718282478,
1363,1851400,1851100,0,2.2292358804,301,0,1,0,0,-0.0361449,
1364,1851707,1851600,0,5.4814814815,108,0,1,0,0,0.07830375,
1365,1852700,1852265,0,9.2637614679,436,0,0.5642201835,1,0,0.3586751938,
1366,1855000,1854799,0,3.8861386139,202,0,0,1,0,-0.0428665,
1367,1857100,1856800,0,2.3986710963,301,0,1,1,0,0.15723445,
1368,1858649,1858591,0,3.2881355932,59,0,1,0,0,0,
1369,1860201,1860100,0,2.3137254902,102,0,1,1,0,0.0468825,
1370,1864100,1863669,0,5.2893518519,432,0,1,1,0,0.190075129,
1371,1864332,1864274,0,4.6271186441,59,0,1,0,0,0,
1372,1865500,1865300,0,2.7810945274,201,0,1,1,0,0.0292088545,
1373,1867900,1867386,0,5.1223300971,515,0,0.3203883495,1,1,-0.7038799211,
1374,1869100,1868864,0,10.2700421941,237,0,1,0,0,0.0214944286,
1375,1870000,1869500,0,4.0598802395,501,0,1,1,0,0.0720451167,
1376,1870500,1870276,0,11.8088888889,225,0,1,1,0,0.4059148286,
1377,1875500,1875175,0,3.6901840491,326,0.2423312883,0.7699386503,1,0,0.0710245174,
1378,1875827,1875677,0,4.0198675497,151,0,1,1,0,0.05410975,
1379,1877317,1876900,0,5.3253588517,418,0.1435406699,0.7703349282,1,0,0.1602606783,
1380,1878600,1878292,0,3.7346278317,309,0,1,1,0,-0.1179527667,
1381,1879700,1879200,0,2.8622754491,501,0,1,1,0,0.0940618838,
1382,1881123,1880887,0,2.6540084388,237,0,1,1,0,-0.1308545667,
1383,1892930,1892451,0,6.26875,480,0,0,0,0,0.0293457429,
1384,1902400,1902242,0,3.9622641509,159,0,1,0,0,0.0202579,
1385,1918020,1917719,0,4.3509933775,302,0.5,0.5496688742,1,1,-0.3678452,
1386,1920000,1919800,0,2.3084577114,201,0,1,1,0,-0.0415105583,
1387,1921300,1921191,0,4.1909090909,110,0,1,1,0,-0.2647505,
1388,1922004,1921500,0,3.3782178218,505,0,1,1,0,0.0334531622,
1389,1923200,1922664,0,4.3333333333,537,0,0,1,0,-0.099619807,
1390,1927716,1927600,0,3.7692307692,117,0,1,1,0,0.13759458,
1391,1928814,1928275,0,3.8462962963,540,0,1,1,0,-0.1656908122,
1392,1929200,1928900,0,34.780730897,301,0,1,1,0,-0.10497664,
1393,1930004,1929800,0,3.4292682927,205,0,1,0,0,-0.2478410167,
1394,1934300,1934146,0,3.8967741935,155,0,1,1,0,-0.061079125,
1395,1946000,1945700,0,2.8405315615,301,0,1,1,0,-0.2209438,
1396,1958100,1957800,0,2.7408637874,301,0,1,0,0,0.024842065,
1397,1960408,1960285,0,5.8548387097,124,0,1,0,0,-0.0494368,
1398,1964421,1964100,0,4.850931677,322,0,1,0,0,0.04979,
1399,1967909,1967800,0,3.9454545455,110,0,1,1,0,0.0993335,
1400,1968600,1968100,0,5.9161676647,501,0,1,1,0,0.0927725405,
1401,1973100,1972896,0,3.6536585366,205,0,1,1,0,0.1784159167,
1402,2002303,2002165,0,2.9424460432,139,0,1,0,0,-0.0670248429,
1403,2004003,2003600,0,6.495049505,404,0,1,0,0,0.015189205,
1404,2005500,2005400,0,2.4752475248,101,0,1,0,1,-0.4008633333,
1405,2007100,2007000,0,2.1485148515,101,0,1,0,0,0.0808433333,
1406,2011913,2011870,0,4.25,44,1,0,0,0,0,
1407,2012300,2012200,0,2.4653465347,101,0.7524752475,0,0,0,-0.10764625,
1408,2014400,2014100,0,3.4750830565,301,0,0,1,0,-0.081355445,
1409,2024636,2024472,0,3.3939393939,165,0,1,1,0,0.029797,
1410,2025511,2025376,0,2.5073529412,136,0,1,0,0,-0.0385214286,
1411,2031431,2031294,0,2.652173913,138,0,1,0,0,-0.1146947143,
1412,2036502,2036216,0,24.3031358885,287,0,1,1,0,0.3040510526,
1413,2037400,2037153,0,2.3870967742,248,0,1,0,0,0.0515935267,
1414,2038200,2038000,0,2.8706467662,201,0,1,1,0,-0.000921,
1415,2039300,2039089,0,5.7405660377,212,0,1,1,0,0.1677474615,
1416,2041010,2040900,0,3.8738738739,111,0,0.3873873874,1,0,-0.1627625,
1417,2051739,2051568,0,5.6744186047,172,0,1,1,0,-0.0619987778,
1418,2053706,2052900,0,2.8389095415,807,0,0.9343246592,1,0,-0.0829561871,
1419,2054500,2054100,0,2.0822942643,401,0,1,0,0,-0.0222746179,
1420,2055024,2054800,0,3.5733333333,225,0,1,1,0,0.2530161429,
1421,2072400,2072175,0,4.0132743363,226,0,1,1,0,0.1311144286,
1422,2074300,2074199,0,182.0980392157,102,0,1,1,0,-0.1089985333,
1423,2079205,2079000,0,3.5048543689,206,0,0.6504854369,0,0,-0.1620425417,
1424,2079427,2079300,0,5.703125,128,0,0,1,0,-0.2369505,
1425,2082300,2082175,0,3.1904761905,126,0,1,0,0,0.0776028083,
1426,2085450,2084955,0,666.4455645161,496,0,0.7963709677,0,0,-0.0712495405,
1427,2093300,2093060,0,2.9419087137,241,0.8257261411,0,1,0,-0.1729038667,
1428,2097900,2097700,0,2.6766169154,201,0,0.5970149254,0,0,-0.0506511667,
1429,2099489,2099000,0,5.7693877551,490,0,0.9306122449,1,0,-0.0546898857,
1430,2101800,2101500,0,2.2591362126,301,0,1,1,0,0.1549032,
1431,2108246,2108086,0,5.2608695652,161,0,0,1,0,-0.1957513625,
1432,2110200,2110000,0,2.960199005,201,0.6666666667,0.2189054726,1,0,-0.1636601667,
1433,2110500,2110400,0,2.0594059406,101,0,1,0,0,0.1962066667,
1434,2118741,2118600,0,3.9225352113,142,0,1,1,0,0.2097198571,
1435,2119400,2119300,0,2.3564356436,101,0,1,1,0,0.3228405,
1436,2134702,2134385,0,3.2893081761,318,0,0.9905660377,1,0,0.3015768909,
1437,2135500,2135400,0,6.0594059406,101,0,1,0,0,0.3162856667,
1438,2150800,2150000,0,10.6154806492,801,0,1,1,0,0.3679216967,
1439,2155333,2155000,0,3.4101796407,334,0,1,0,0,-0.0434000652,
1440,2158000,2157800,0,2.184079602,201,0,0.3482587065,1,0,0.2237846364,
1441,2164214,2163800,0,2.0963855422,415,0,0,0,0,0.0174501172,
1442,2168100,2167686,0,5.6457831325,415,0,0.8795180723,1,0,-0.0557838133,
1443,2170402,2170186,0,8.1152073733,217,0,1,1,0,0.1638116154,
1444,2173500,2173170,0,3.8489425982,331,0,0.3111782477,1,0,0.0465153826,
1445,2175900,2175578,0,9.3281733746,323,0,1,1,0,0.0459199623,
1446,2177801,2177500,0,2.5860927152,302,0,1,0,0,0.06666507,
1447,2179200,2178875,0,2.490797546,326,0,1,0,0,0.1536583773,
1448,2179400,2179300,0,2.801980198,101,0,1,1,0,0.2210055,
1449,2182200,2182082,0,2.6554621849,119,0,1,0,0,-0.11994,
1450,2182840,2182700,0,3.5602836879,141,0,1,1,0,-0.0454139167,
1451,2183753,2183670,0,5.7142857143,84,0,1,1,1,0.577655,
1452,2189210,2188799,0,3.9733009709,412,0,0.2791262136,1,0,0.1220116379,
1453,2195000,2194600,0,4.6957605985,401,0,1,1,0,0.0860108483,
1454,2217131,2217000,0,2.2651515152,132,0,1,0,0,0.0546665,
1455,2221633,2221385,0,4.8152610442,249,0,1,1,1,-0.30366265,
1456,2223046,2222499,0,3.8302919708,548,0,0.9306569343,1,1,-0.3754568537,
1457,2227250,2227083,0,9,168,0,1,1,0,0.1495433333,
1458,2230300,2230100,0,5.2736318408,201,0,1,1,0,0.2380334364,
1459,2231900,2231594,0,4.4429967427,307,0,1,1,0,-0.0490517619,
1460,2233832,2233500,0,3.5165165165,333,0,1,1,0,-0.1880977391,
1461,2243111,2242958,0,3.6233766234,154,0,1,0,0,-0.157896125,
1462,2243819,2243779,0,3.8536585366,41,0,1,0,0,0,
1463,2244100,2243981,0,2.9416666667,120,0,1,0,0,-0.0413066,
1464,2250100,2249800,0,2.9069767442,301,0,1,1,1,-0.338707755,
1465,2253700,2253354,0,4.8904899135,347,0,1,0,0,0.0380776667,
1466,2262724,2262600,0,3.096,125,0,1,0,0,0.0701808,
1467,2263700,2263600,0,4.198019802,101,0,1,1,0,0.2193405,
1468,2267900,2267600,0,2.6511627907,301,0,0.9368770764,0,0,0.06444075,
1469,2269500,2269300,0,4.1741293532,201,0,1,1,0,-0.0789026917,
1470,2270500,2270000,0,2.0259481038,501,0,1,1,1,-0.3176894803,
1471,2273425,2273181,0,2.7836734694,245,1,0,1,0,0.1859170667,
1472,2276043,2275766,0,6.7158273381,278,0,1,1,0,-0.1421361778,
1473,2276800,2276685,0,3.9310344828,116,0,0.9913793103,1,0,-0.0069225,
1474,2282834,2282700,0,2.7555555556,135,0,1,1,0,-0.19787425,
1475,2303611,2303387,0,3.2666666667,225,0.4488888889,0,1,0,0.4494997857,
1476,2311624,2311400,0,3.1733333333,225,0,1,1,0,-0.2090225462,
1477,2315330,2315000,0,3.2145015106,331,0,0,1,0,0.0780520318,
1478,2317235,2317100,0,3.8529411765,136,1,0,1,0,0.2048148333,
1479,2325017,2324900,0,2.6779661017,118,0,0.2966101695,1,1,0.51202,
1480,2327500,2327300,0,3.4925373134,201,0,1,1,0,0.0608897273,
1481,2328100,2327600,0,3.0898203593,501,0,1,1,0,0.0510581833,
1482,2333500,2332974,0,2.8557874763,527,0,0.5180265655,1,0,-0.2443723244,
1483,2334100,2333800,0,3.1096345515,301,0,1,0,0,0.03467692,
1484,2340200,2339880,0,2.4735202492,321,0.769470405,0.230529595,1,0,0.0220771591,
1485,2343147,2342800,0,2.8879310345,348,0,0.7729885057,1,0,-0.11504585,
1486,2343803,2343476,0,4.0243902439,328,0,0.6768292683,1,0,-0.1291712364,
1487,2345325,2345258,0,28.3823529412,68,0,1,1,1,-0.418284,
1488,2346616,2346491,0,5.4603174603,126,0,1,1,0,-0.0439444,
1489,2347931,2346900,0,3.4321705426,1032,0,0.7771317829,1,0,0.0585147235,
1490,2356200,2356076,0,2.808,125,1,0,0,0,-0.0886218,
1491,2357006,2356800,0,2.7922705314,207,1,0,0,0,0.0135880833,
1492,2362541,2362276,0,2.8383458647,266,0,1,0,0,0.0040707647,
1493,2371400,2371289,0,4.6071428571,112,0,0,0,0,-0.0196196,
1494,2373231,2373000,0,4,232,0,1,1,0,-0.1640904714,
1495,2374607,2374571,0,4.2162162162,37,0,1,0,0,0,
1496,2377025,2376993,0,3.303030303,33,0,1,0,0,0,
1497,2379404,2379346,0,3.6271186441,59,0,0,0,0,0,
1498,2390212,2390100,0,2.6194690265,113,0,1,1,0,0.0720625,
1499,2390745,2390374,0,3.3655913978,372,0,1,0,0,0.0800377308,
1500,2391401,2391100,0,6.2185430464,302,0,1,1,0,-0.116424865,
1501,2395604,2395300,0,2.7803278689,305,0,1,1,0,-0.1759930952,
1502,2398908,2398432,0,19.9056603774,477,0,0.6498951782,1,0,-0.0626132829,
1503,2399400,2399100,0,3.1395348837,301,0,1,0,0,0.02789852,
1504,2408100,2407900,0,19.9701492537,201,0,1,1,0,0.1472001933,
1505,2408900,2408771,0,3.0923076923,130,0,1,0,0,-0.0146431833,
1506,2410400,2410000,0,2.0922693267,401,0,0.6907730673,1,0,-0.0361264517,
1507,2412508,2412457,0,6.0961538462,52,0,1,0,0,0,
1508,2416300,2416176,0,3.392,125,0,1,1,0,-0.02559402,
1509,2417449,2417000,0,3.8422222222,450,0,1,0,0,-0.0447547419,
1510,2421102,2420800,0,2.6534653465,303,0,1,0,0,0.0325015571,
1511,2425807,2425259,0,4.9143897996,549,0,1,1,0,-0.0112767122,
1512,2426900,2426772,0,8.6279069767,129,0,1,1,0,-0.1900725,
1513,2427600,2427455,0,4.7808219178,146,0,1,1,0,0.350355,
1514,2428200,2428043,0,3.664556962,158,0,1,1,0,0.1852247875,
1515,2434603,2434368,0,4.7245762712,236,0,1,1,0,0.1874444667,
1516,2435709,2435200,0,3.8117647059,510,0,1,1,0,-0.1449703421,
1517,2436600,2436500,0,2.8217821782,101,0,1,0,0,0.0869766667,
1518,2441824,2441700,0,2.8,125,0,1,0,0,0.0519018,
1519,2443800,2443400,0,2.1695760599,401,0,1,0,0,0.0184082143,
1520,2444600,2444500,0,3,101,0,1,1,0,0.02740025,
1521,2445300,2445000,0,4.2524916944,301,0,0.5581395349,1,1,0.60383038,
1522,2445803,2445765,0,5.2820512821,39,0,1,0,0,0,
1523,2448300,2447997,0,2.7697368421,304,0,0.8026315789,1,0,0.0047853,
1524,2449500,2449200,0,3.219269103,301,1,0,1,0,0.05440435,
1525,2450200,2449979,0,2.3108108108,222,0.4099099099,0.490990991,1,0,-0.0738083077,
1526,2480400,2480200,0,2.0497512438,201,0,1,0,0,0.130161625,
1527,2483729,2483600,0,3.1846153846,130,0,1,1,0,0.3041472,
1528,2492200,2491973,0,5.9166666667,228,0,0.0394736842,1,0,-0.0795556429,
1529,2492855,2492400,0,4.9561403509,456,0,1,1,0,-0.1165761424,
1530,2515011,2514254,0,2.555408971,758,0,1,1,0,0.0998895533,
1531,2515429,2515200,0,2.5826086957,230,0,0.5217391304,0,0,0.0522430714,
1532,2524100,2523993,0,2.7777777778,108,0,0.2962962963,0,0,-0.028864,
1533,2525300,2525000,0,7.1694352159,301,0,1,1,0,-0.025166865,
1534,2526800,2525838,0,6.6573208723,963,0,1,0,0,0.0231025425,
1535,2534500,2534100,0,3.1396508728,401,0,1,0,0,-0.12105452,
1536,2535000,2534686,0,7.6285714286,315,0,1,1,0,0.0819456,
1537,2538600,2538481,0,2.25,120,0,1,1,0,-0.0030226,
1538,2547025,2546798,0,6.5263157895,228,0,0.8728070175,1,0,0.1711192857,
1539,2551006,2550500,0,4.2958579882,507,0,0.7633136095,1,0,0.1090479459,
1540,2551306,2551200,0,2.2242990654,107,0,1,1,0,0.29072825,
1541,2553200,2552800,0,3.3715710723,401,0,1,1,0,0.1543306897,
1542,2555000,2554600,0,6.2194513716,401,0,0.8154613466,1,0,0.1503809414,
1543,2555900,2555774,0,3.905511811,127,0,1,1,0,0.2447543333,
1544,2557900,2557300,0,3.0449251248,601,0,1,0,0,-0.1101379349,
1545,2560219,2560000,0,2.4909090909,220,0,0,1,0,-0.0331277857,
1546,2560423,2560300,0,4.0403225806,124,0,0.5483870968,1,0,-0.0133813333,
1547,2571117,2570800,0,9.8364779874,318,0.2672955975,0.5094339623,1,0,0.0223311364,
1548,2572511,2572091,0,4.4394299287,421,0,1,0,0,0.0009721333,
1549,2572919,2572763,0,3.2866242038,157,0,1,0,0,-0.2552022875,
1550,2573800,2573500,0,2.3455149502,301,1,0,0,0,-0.0098828,
1551,2589509,2589398,0,5.0892857143,112,0,1,0,0,0.162316,
1552,2590201,2590158,0,3.5909090909,44,0,1,0,0,0,
1553,2593300,2593175,0,7.0952380952,126,0,1,0,0,-0.06413622,
1554,2595700,2595367,0,2.2155688623,334,1,0,1,0,0.0162196652,
1555,2610504,2610000,0,2.295049505,505,0,0.8475247525,1,0,-0.0963143162,
1556,2611500,2611400,0,4.6336633663,101,0,1,1,0,0.111622,
1557,2611940,2611800,0,2.3617021277,141,0,1,1,0,0.069631,
1558,2612231,2612000,0,8.3706896552,232,0,1,1,0,-0.0163870214,
1559,2617800,2617697,0,3.625,104,0,1,1,0,-0.2619875,
1560,2618410,2618072,0,6.2477876106,339,0,1,0,0,-0.0102997391,
1561,2625326,2625100,0,4.5594713656,227,0,1,1,0,0.0297337143,
1562,2628118,2628094,0,6.04,25,0.6,0,0,0,0,
1563,2637505,2637387,0,3.0756302521,119,0,0,0,0,0.0706488,
1564,2640600,2640353,0,21.1169354839,248,0,1,1,0,-0.0750643188,
1565,2643200,2643073,0,5.921875,128,0,0,1,0,-0.0128368333,
1566,2644100,2643996,0,2.6666666667,105,0,0,0,0,0.071455,
1567,2646242,2646084,0,3.6603773585,159,0,1,1,0,0.12485975,
1568,2647100,2646583,0,2.1370656371,518,0,1,0,0,-0.0055250667,
1569,2650623,2650585,0,3.6666666667,39,0,1,0,0,0,
1570,2651344,2651099,0,7.418699187,246,0,1,1,0,-0.1676478667,
1571,2654800,2654162,0,5.6932707355,639,0,0,1,0,-0.1171464679,
1572,2668300,2668186,0,6.6260869565,115,0,0.8608695652,1,0,-0.15554475,
1573,2669123,2668986,0,4.1449275362,138,0,1,0,0,0.1224502857,
1574,2675012,2673797,0,3.2902960526,1216,0,0.9111842105,0,0,-0.0548423773,
1575,2676604,2676100,0,43.5306930693,505,0,1,1,0,0.1845102216,
1576,2678800,2678266,0,6.9682242991,535,0,1,1,0,-0.2628767923,
1577,2679900,2679700,0,2.2388059701,201,0,1,1,0,-0.0851382583,
1578,2691100,2690989,0,4.5803571429,112,0.1339285714,0.1964285714,1,0,-0.0026695,
1579,2692000,2691300,0,3.512125535,701,0,0.8530670471,1,0,0.0669335811,
